treeno,species,x,y,dbh,ht,cw
1,9,95.82,2.53,11.8,10.51,30.2
2,9,95.79,2.49,9.8,9.41,29.4
3,9,96.09,1.53,9.3,9.11,29
4,9,96.2,1.57,6.3,7.03,27.8
5,9,96.2,1.56,3.7,4.71,26.5
6,2,97.7,0.72,2.7,3.39,26.1
7,2,95.2,2.66,2,2.77,25.7
8,2,97.88,5.61,2.2,2.95,27.2
9,1,96.86,6.38,9.1,8.29,30.2
10,2,98.84,8.86,1.3,2.14,27.8
11,2,99.2,9.61,2,2.77,28.4
12,12,96.94,8.64,21.3,13.69,35.1
13,12,95.13,6.1,20.8,13.55,33.9
14,1,92.16,9.54,25.2,16.79,35.9
15,2,91.72,3.62,1.3,2.14,24.7
16,2,90.62,3.3,1.1,1.96,24.2
17,12,91.11,2.67,24.9,14.57,33.3
18,12,93.3,0.23,28.5,15.3,34.3
19,9,91.91,0.7,4.3,5.3,25.6
20,9,88.4,4.42,13.9,11.5,29.6
21,9,88.07,4.02,9.5,9.23,27.7
22,9,87.06,2.84,12.7,10.95,28.4
23,9,87.17,1.3,10.2,9.64,27.1
24,9,87.41,0.87,12.3,10.76,27.8
25,9,83.14,3.82,12.7,10.95,27.7
26,2,82.31,1.9,1.8,2.59,22.2
27,9,81.63,1.56,13.2,11.19,26.9
28,2,82.1,0.78,1.5,2.32,21.7
29,2,83.35,0.21,2.3,3.04,22.2
30,2,81.96,0.18,2,2.77,21.7
31,2,81.46,0.93,1.1,1.96,21.4
32,2,80.43,0,2.7,3.39,21.6
33,2,80.43,1.05,2.1,2.86,21.6
34,2,80.95,1.78,1.1,1.96,21.4
35,1,80.67,9.13,7.3,7.03,26
36,2,79,0.56,2.1,2.86,21.1
37,2,75.55,5.46,1.4,2.23,21.2
38,2,77.11,8.09,2.5,3.21,22.7
39,9,76.31,8.77,1.3,1.97,22.1
40,12,79.7,8.74,36.3,16.54,35.3
41,9,69.38,7.36,11.2,10.2,24.5
42,2,67.52,3.48,1.5,2.32,18.7
43,4,64.64,2.32,1.2,1.7,17.5
44,2,63.12,1,1.4,2.23,16.9
45,2,62.16,0.77,2.2,2.95,17
46,9,64.68,5.42,6,6.79,20.7
47,9,64.34,5.07,7.4,7.85,21.2
48,9,64.12,5.51,11.8,10.51,23
49,1,66.19,10,3.1,3.73,20.8
50,2,65.01,9.82,2.1,2.86,19.9
51,2,60.39,8.96,2.2,2.95,18.6
52,2,58.38,8.32,1.2,2.05,17.5
53,2,58.55,5.33,1,1.86,16.7
54,2,58.99,1.64,2.5,3.21,16.6
55,2,58.16,2.34,1.2,2.05,15.9
56,1,58.04,0.87,15,11.92,21.5
57,2,56.91,1.8,1.1,1.96,15.4
58,2,55.66,2.94,1,1.86,15.4
59,3,53.13,3.8,15.7,12.25,21.2
60,3,55.42,6.27,12.2,10.71,21.2
61,3,55.5,4.77,9.9,9.47,19.9
62,1,55.98,7,28.1,17.93,27.3
63,1,54.91,7.1,10,8.9,20.2
64,1,51.54,7.12,23.6,16.12,24.6
65,1,50.89,5.82,20.2,14.59,22.9
66,2,47.92,9.06,1.8,2.59,15.3
67,2,49.21,6.88,1.1,1.96,14.8
68,1,47.16,4.52,13.7,11.18,19.1
69,1,48.56,2.66,30.4,18.78,25.1
70,9,48.3,0.77,1.5,2.23,13.2
71,1,45.75,0.51,28.8,18.2,23.3
72,2,45.8,2.11,2,2.77,13.2
73,2,45.53,3.95,1.6,2.41,13.4
74,2,44.65,4.3,1.5,2.32,13.2
75,2,46.8,6.06,1.4,2.23,14.1
76,1,44.72,8.5,27.8,17.82,24.7
77,2,44.06,5.73,2.1,2.86,13.7
78,2,43.34,5.15,2.5,3.21,13.6
79,1,39.76,3.99,21,14.96,19.9
80,1,39.61,6.11,14.3,11.53,17.9
81,2,38.79,5.12,1.1,1.96,11.7
82,2,36.73,5.69,1.9,2.68,11.8
83,2,37.08,7.27,3,3.64,12.7
84,1,39.43,8.99,6,6.06,15.1
85,4,36.73,8.2,1.1,1.53,11.9
86,2,35.28,8.12,4,4.48,13
87,2,34.27,9.19,1.4,2.23,11.8
88,2,33.65,9.04,1.2,2.05,11.5
89,2,33.27,7.95,2.8,3.47,11.9
90,2,31.1,8.54,2.7,3.39,11.4
91,1,31.55,9.62,6.1,6.14,13.4
92,2,31.17,6.61,1.5,2.32,10.4
93,1,33.02,5.54,11.9,10.11,15.1
94,2,30.23,4.94,1.3,2.14,9.7
95,2,30.94,4.18,1.5,2.32,9.7
96,1,31.94,3.84,24.5,16.5,19.2
97,2,33.76,2.27,2.7,3.39,10.5
98,12,37.31,1.48,17,12.38,17
99,12,36.81,0.27,21.4,13.71,18
100,12,35.27,0.76,23.1,14.15,18.3
101,2,34.91,0.83,2.6,3.3,10.4
102,12,32.17,1.21,17.9,12.68,16
103,8,26.28,0.38,21.5,16.84,16.3
104,2,26.6,3.25,1.3,2.14,8.3
105,1,25.06,3.37,12.7,10.59,12.9
106,8,26.62,4.17,15.4,14.36,15.1
107,1,28.81,4.43,4.2,4.65,10.5
108,9,29.23,5.38,22.5,14.45,17.9
109,2,29.74,6.06,3.2,3.81,10.7
110,4,24.52,8.64,1.6,2.34,9.3
111,9,23.15,7.07,1.3,1.97,8.4
112,4,22.11,6.35,1.5,2.18,8
113,1,21.48,6.17,9.1,8.29,11.3
114,1,24.48,3.55,5.3,5.52,9.7
115,2,23.53,3.27,1.2,2.05,7.5
116,9,22.74,3.5,1.5,2.23,7.5
117,2,23.71,2.08,2,2.77,7.6
118,1,21.93,2.44,5.2,5.45,8.8
119,8,19.38,1,20.7,16.56,14.4
120,2,18.41,0.89,1.2,2.05,5.6
121,2,17.45,6.5,1.2,2.05,6.8
122,12,11.68,3.34,19.1,13.06,11.8
123,3,10.77,4.94,45.2,18.28,19.8
124,3,10.72,4.94,41.7,17.88,18.8
125,12,13.22,7.27,40.9,17.1,19.6
126,1,12.93,10,2.3,3.04,7.1
127,2,10.27,9.24,1.3,2.14,5.7
128,2,7.28,9.4,3,3.64,5.8
129,1,4.56,9.09,24,16.29,13.5
130,1,4,9.5,24.7,16.59,13.7
131,2,4.3,7.98,1.2,2.05,3.9
132,2,2.35,4.73,1.4,2.23,2.7
133,2,2.27,2.14,3.6,4.15,3
134,1,4.43,4.5,11.6,9.92,7.6
135,2,4.88,1.68,1.3,2.14,2.5
136,2,4.21,1.11,1.2,2.05,2.1
137,2,3.05,1.29,2.2,2.95,2.4
138,1,5.77,0.16,5.3,5.52,4.2
139,9,5.06,1.11,1.2,1.84,2.3
140,9,4.87,0.86,1.2,1.84,2.2
141,2,3.01,0.38,2.8,3.47,2.4
142,2,2.02,0.83,3.8,4.32,2.7
143,2,0.55,2.14,2.2,2.95,2
144,9,0.1,6.75,16.2,12.45,8.9
145,9,0,6.75,15.6,12.21,8.6
146,1,1.56,12.85,13.5,11.07,9.7
147,9,6.45,11.36,4.7,5.67,7
148,9,6.49,11.4,6.2,6.95,7.8
149,2,5.04,13.73,3,3.64,6.4
150,1,5.29,15.53,6.5,6.44,8.4
151,1,4.14,17.97,3.9,4.4,7.6
152,1,5.15,17.75,6.1,6.14,8.8
153,1,13.91,15.91,16.1,12.52,14.6
154,9,17.3,15.92,13.3,11.23,14.4
155,9,18.41,13.85,6.8,7.41,11.6
156,2,15.89,13.28,3.7,4.23,9.3
157,9,18.86,11.96,5.5,6.37,10.7
158,2,18.04,14.67,3,3.64,9.8
159,2,12.53,11.42,2.3,3.04,7.3
160,2,10.98,10.25,1.1,1.96,6.1
161,2,13.02,10.75,1.9,2.68,7.1
162,1,14.79,11,5.6,5.76,9.3
163,2,20.73,10,2.2,2.95,9
164,2,21.53,10,2,2.77,9.1
165,9,21.67,12.08,2.2,3.08,9.8
166,1,25.15,13.44,18.3,13.66,17.6
167,1,26.82,15.85,9.8,8.76,15.3
168,2,26.64,19.71,1.7,2.5,12.6
169,1,27.18,19.63,5.7,5.83,14.6
170,9,28.34,18.28,4.5,5.49,14.1
171,9,28.24,18.28,7,7.56,15.3
172,2,28.91,18.69,1.3,2.14,12.8
173,2,29.35,17.7,1.7,2.5,12.8
174,2,29.22,14.59,1.5,2.32,11.9
175,2,29.7,13.64,3.3,3.9,12.6
176,2,28.6,12.57,2.2,2.95,11.6
177,2,32.34,10.48,1.2,2.05,11.5
178,2,34.5,10.22,1.8,2.59,12.3
179,2,34.41,11.74,2.5,3.21,13
180,9,33.41,14,10.2,9.64,16.8
181,1,34.09,14.01,3,3.64,13.7
182,1,33.42,19.78,28,17.9,24.8
183,1,35.16,16.75,10.3,9.09,17.8
184,2,35.02,14.15,1.6,2.41,13.3
185,12,36.64,12.12,32.8,16.03,24.4
186,12,37.6,12.65,39.3,16.92,26.6
187,2,44.02,10.7,1.6,2.41,14.7
188,1,43.21,14.01,13.3,10.95,20.4
189,2,43.26,15.61,1.3,2.14,15.6
190,1,46.51,17.3,8.5,7.88,20
191,3,47.45,14.35,1.4,2.1,16.3
192,12,48.23,13.98,53,18.23,33.4
193,2,49.56,13.98,2.6,3.3,17.4
194,2,49.25,12.51,1.8,2.59,16.5
195,1,47.71,11.13,4.2,4.65,16.9
196,2,46.91,10.61,1.6,2.41,15.4
197,1,50.41,10.84,9.2,8.36,19.7
198,1,54.16,10.67,22.5,15.64,25.7
199,1,55.06,13.27,24.5,16.5,27.3
200,1,50.92,14.69,8.5,7.88,20.5
201,1,53.59,15.43,16.1,12.52,24.4
202,1,54.86,14.09,31.2,19.06,29.8
203,2,54.96,15.59,2.1,2.86,18.9
204,2,56.68,17.62,1.3,2.14,19.4
205,2,58.56,13.02,1.4,2.23,18.8
206,4,56.63,18.96,1.2,1.7,19.6
207,1,56.1,10.28,22.8,15.77,26.2
208,9,60.47,10.29,7.7,8.06,21.6
209,1,60.27,10.55,29.8,18.57,29.8
210,9,61.43,12.45,8.8,8.8,22.9
211,1,60,13.85,6.1,6.14,21.5
212,2,60.43,14.65,1.3,2.14,19.6
213,6,61.52,19.23,4.3,6,22.8
214,1,64.54,15.7,9.8,8.76,24.7
215,1,65.66,12.5,22.4,15.6,29
216,12,68.06,11.79,21.1,13.63,28.6
217,12,69.72,13.06,25.3,14.65,30.7
218,12,72.92,19.35,25,14.59,33
219,1,74.25,17.92,7.6,7.25,26.8
220,2,74.89,16.46,1.5,2.32,23.8
221,2,76.13,14.63,1.8,2.59,23.8
222,9,74.55,13.07,13.6,11.37,28.1
223,3,75.74,14.99,2.3,3.2,24.1
224,2,74.13,10.24,1.2,2.05,21.9
225,1,79.84,10.16,5,5.29,25.1
226,1,79.37,13.24,3.6,4.15,25.1
227,1,78.94,16.1,3.8,4.32,25.8
228,7,78.27,19.58,1.2,1.7,25.2
229,2,79.46,18.51,1.2,2.05,25.3
230,9,81.19,19.71,7.9,8.2,29.3
231,9,81.94,18.15,10.6,9.87,30.1
232,2,80,17.77,2.1,2.86,25.7
233,2,80.37,15.85,2,2.77,25.2
234,2,81.62,15.62,1.8,2.59,25.4
235,2,82.07,11.77,1,1.86,24.2
236,9,82.14,11.34,1.5,2.23,24.3
237,9,82.18,11.11,1.3,1.97,24.1
238,2,83.09,13.24,1.5,2.32,25
239,2,83.32,13.88,1.1,1.96,25.1
240,2,83.97,13.07,2.2,2.95,25.5
241,2,84.52,14,2.1,2.86,25.9
242,1,85.45,14.7,8.7,8.02,29.2
243,1,84.3,16.02,6,6.06,28.1
244,12,88.51,17.39,33.4,16.12,38.9
245,1,89.07,17.09,5.1,5.37,29.2
246,1,92.3,14.14,21.8,15.33,35.9
247,2,93.86,13.33,1.2,2.05,27.6
248,12,95.93,10.2,19,13.03,34.5
249,1,95.68,10.83,10.7,9.35,31.6
250,2,97.82,13.04,1.9,2.68,28.9
251,1,99.6,13.14,2.2,2.95,29.5
252,12,97.34,14.86,31,15.74,39.7
253,1,96.5,15.15,7.3,7.03,31.5
254,2,96.18,15.87,1.7,2.5,29.1
255,2,95.14,16.88,2.3,3.04,29.3
256,2,94.12,15.48,1.1,1.96,28.2
257,2,91.62,15.96,1.5,2.32,27.9
258,1,91.11,17.43,11.7,9.98,32.6
259,2,93.23,17.88,1.8,2.59,28.9
260,2,96.94,19.45,2.7,3.39,30.6
261,4,92.5,19.46,1.2,1.7,28.7
262,3,92.38,20,1.1,1.71,28.8
263,1,94.54,18.2,10.1,8.96,33
264,2,98.27,18,1.4,2.23,30
265,1,99.31,18.32,6.3,6.29,32.6
266,1,98.45,18.86,18.9,13.96,37.5
267,2,98.78,22.32,1.8,2.59,31.4
268,9,98.43,21.98,2.2,3.08,31.4
269,2,97.86,21.54,1.3,2.14,30.7
270,2,96.46,20.89,1.1,1.96,30.1
271,1,97.27,22.36,8.9,8.16,34.2
272,2,97.37,23.45,1.3,2.14,31.1
273,1,94.36,22.29,5.1,5.37,31.8
274,2,92.43,21.64,2.7,3.39,30
275,12,91.65,23.75,23.4,14.22,38.3
276,12,96.46,27.02,41.2,17.14,45.5
277,12,96.74,29.4,35.5,16.43,44.5
278,12,94.55,29.13,9.1,8.75,35.4
279,12,94.56,28.51,6.9,7.28,34.3
280,12,93.22,27.68,10.2,9.39,35.1
281,12,91.16,29.23,17.5,12.55,37.6
282,12,91.11,27.29,13.9,11.19,35.9
283,2,90.41,27.15,1.3,2.14,30.3
284,1,89.36,27.07,3.4,3.98,31
285,12,89.7,28.01,33.2,16.09,41.8
286,12,88.57,28.58,32,15.9,41.3
287,12,87.92,28.58,5.2,5.92,31.9
288,2,86.18,21,1.5,2.32,27.8
289,1,85.37,27.68,5.4,5.6,31
290,2,85.8,27.18,1.4,2.23,29.2
291,12,84.38,27.42,26.5,14.91,38.3
292,9,86.17,22.84,11.2,10.2,32.6
293,9,86.4,22.99,11.2,10.2,32.7
294,9,81.73,20.98,7,7.56,29.3
295,2,82.42,26.53,2.4,3.12,28.6
296,2,81.84,27.53,3,3.64,29
297,2,80.51,27.54,3.6,4.15,29
298,2,80.52,28.95,3.2,3.81,29.1
299,2,78.6,28.62,1.5,2.32,27.8
300,2,78.56,28.39,1.6,2.41,27.7
301,12,77.83,26.3,29,15.39,37.1
302,12,74.7,28.82,29.2,15.43,37
303,2,75.21,28.92,1.4,2.23,26.9
304,2,75.79,26.1,2.2,2.95,26.8
305,2,74.82,26.76,1.1,1.96,26.2
306,2,75.07,27.56,4,4.48,27.8
307,2,75.8,26.7,3,3.64,27.3
308,2,77.22,27.24,1.3,2.14,27
309,2,76.7,26.32,2.8,3.47,27.3
310,2,78.26,26.33,1.3,2.14,27
311,2,78.06,25.27,1.6,2.41,26.8
312,2,77.24,24.76,2,2.77,26.7
313,12,79.16,24.27,16,12.02,32.9
314,13,78.19,23.69,26.4,18.3,36.6
315,2,79.79,22.65,1.3,2.14,26.5
316,12,79.69,20.54,28.7,15.34,36.1
317,12,78.36,21.84,13.2,10.89,31.1
318,12,76.91,21.57,29.1,15.41,35.7
319,1,76.19,23.02,5.2,5.45,27.5
320,1,73.59,20.61,5.6,5.76,26.4
321,2,73.77,21.68,2.5,3.21,25.3
322,2,71.51,20.92,1.8,2.59,24.2
323,2,71.06,22.73,2.5,3.21,24.9
324,1,70.55,23.41,8.1,7.6,27.4
325,1,71.89,23.6,5.6,5.76,26.7
326,9,71.55,24.58,10.2,9.64,29
327,2,71.01,24.23,2.4,3.12,25.2
328,2,70.78,25.5,1.8,2.59,25.2
329,2,73.03,25.19,3.6,4.15,26.5
330,2,73.42,25.43,2.8,3.47,26.3
331,1,70.86,26.93,3.2,3.81,26.2
332,2,70.85,29.07,2.5,3.21,26.4
333,2,70.65,28.22,1.6,2.41,25.7
334,2,71.59,28.91,2.3,3.04,26.5
335,2,74.24,29.75,1.8,2.59,27.1
336,1,73.25,29.83,2.3,3.04,27.1
337,2,74.39,29.87,2.1,2.86,27.3
338,12,73.71,29.68,7,7.35,29.4
339,2,73.4,29.92,1,1.86,26.5
340,2,69.5,30,2.8,3.47,26.4
341,1,69.05,29.2,2.1,2.86,25.8
342,2,68.67,29.63,1.6,2.41,25.6
343,2,67.85,28.54,1.8,2.59,25.2
344,2,66.85,29.01,1.6,2.41,25
345,2,68.56,29.1,2.2,2.95,25.7
346,2,69.43,29.3,2.4,3.12,26.1
347,2,69.48,27.73,4.1,4.56,26.5
348,1,67.3,24.79,6.5,6.44,26.3
349,2,66.42,24.91,2.8,3.47,24.4
350,2,66.31,23.31,1.1,1.96,23.2
351,1,64.32,20.58,5,5.29,23.8
352,1,63.81,21.82,31.2,19.06,34
353,1,63.52,23.76,3.6,4.15,23.8
354,9,60.68,24.5,15.5,12.17,28.2
355,2,61.25,24.08,1,1.86,22
356,2,61.92,26.18,1.8,2.59,23.1
357,2,60.71,26.16,2.7,3.39,23.2
358,2,60.37,27.7,1.2,2.05,22.8
359,2,63.3,27.93,1.4,2.23,23.7
360,2,63.43,28.28,1.1,1.96,23.7
361,2,64.03,27.02,3.5,4.07,24.7
362,2,65.57,27.42,2.6,3.3,24.7
363,12,65.57,29.02,30,15.57,35
364,12,63.98,29.55,21.8,13.82,32.3
365,12,66.27,29.88,15.3,11.76,30.8
366,1,63.08,29.87,2.9,3.56,24.9
367,2,62.35,29.57,4.3,4.73,25.2
368,12,61.84,29.9,28.5,15.3,33.9
369,4,59.59,29.31,1.3,1.86,23
370,2,58.87,27.5,2,2.77,22.8
371,2,58.38,22.74,1.5,2.32,21.2
372,1,57.9,21.7,6.8,6.66,23.3
373,9,57.4,27.82,15.8,12.29,28.3
374,9,57.38,27.77,5.6,6.46,24.3
375,2,57.4,23.85,2.5,3.21,21.7
376,2,56.01,25.45,1.8,2.59,21.5
377,1,53.01,24.52,3.3,3.9,21.2
378,1,53.59,26.27,23.6,16.12,29.9
379,2,51.17,26.06,1.5,2.32,20.3
380,2,52.23,26.21,2.5,3.21,21
381,2,55.31,27.37,1.8,2.59,21.8
382,2,55.46,27.58,2.5,3.21,22.2
383,2,54.06,27.95,1.4,2.23,21.4
384,9,52.47,28.57,7.4,7.85,24.1
385,2,52.72,29.21,1.8,2.59,21.6
386,2,52.67,29.56,1.3,2.14,21.4
387,1,48.63,29.7,19.2,14.11,27.9
388,9,45.71,29.65,14.5,11.76,25.4
389,9,48.53,23.75,9,8.92,22.6
390,9,48.72,23.91,5,5.94,20.9
391,9,49.52,23.39,15.6,12.21,25.2
392,9,47.47,22.97,12.4,10.81,23.4
393,2,46.12,21.53,1.2,2.05,17.7
394,9,45.82,22.57,21,14.04,25.9
395,2,45.08,22.61,1,1.86,17.6
396,2,43.35,23.92,1.1,1.96,17.6
397,9,41.72,22.28,16.8,12.67,23.4
398,2,42.02,23.53,1.5,2.32,17.3
399,9,41.95,26.59,8.8,8.8,21.5
400,9,41.59,26.59,11.2,10.2,22.4
401,9,41.56,26.6,5.2,6.12,19.9
402,8,41.38,27.28,21.5,16.84,26.8
403,9,40.21,28.82,21.2,14.1,26.1
404,1,39.6,29.8,6.5,6.44,20.6
405,4,37.5,29.29,25.1,17.95,27.5
406,4,37.82,29.08,2,2.95,18
407,4,37.88,28.96,23.8,17.57,27.1
408,4,37.63,28.82,23.8,17.57,27
409,1,36.78,29.6,5.3,5.52,19.3
410,2,35.06,29.96,2.6,3.3,17.7
411,2,36.21,26.6,1.1,1.96,16.5
412,9,36.91,26.57,10.8,9.98,21.1
413,2,32.41,23.53,1.8,2.59,15.1
414,2,31.12,20.69,2.1,2.86,14.2
415,2,30.71,20,1.4,2.23,13.6
416,1,32.71,28.25,29.6,18.49,27.3
417,1,27.5,28.78,17.2,13.1,21.6
418,2,25.86,27.12,1.6,2.41,14.2
419,2,28.89,27.04,2.1,2.86,15.2
420,1,28.56,24.64,29,18.27,25.1
421,1,29.46,23.9,9.6,8.63,17.9
422,2,28.18,22.3,2.3,3.04,14
423,12,29.08,20,38.7,16.84,26.2
424,1,27,21.33,11.5,9.86,17.4
425,2,26.57,20.86,1.8,2.59,13
426,2,26.65,22.53,3.6,4.15,14.2
427,2,25.45,22.57,2.8,3.47,13.6
428,9,25.59,22.86,3.8,4.81,14.3
429,9,25.6,22.98,5,5.94,14.9
430,9,25.59,22.83,3.1,4.09,13.9
431,12,24.96,21.95,1.1,1.46,12.4
432,12,23.3,20.43,31.5,15.82,22.8
433,1,21.26,26.62,34.6,20.2,25.7
434,2,22.59,27.63,2.5,3.21,14
435,2,21.68,27.34,1.8,2.59,13.4
436,1,20.51,27.59,2.8,3.47,13.6
437,2,20.88,28.52,1.8,2.59,13.4
438,4,20.8,29.21,1.8,2.65,13.6
439,4,21.12,29.27,1.1,1.53,13.3
440,2,19.56,29.34,4.6,4.97,14.6
441,2,18.04,29.85,2.2,2.95,13.3
442,9,15.7,27.49,1.8,2.6,11.9
443,9,15.41,27.97,3,3.98,12.6
444,9,14.6,27.27,2.2,3.08,11.8
445,9,14.04,27.77,1.8,2.6,11.6
446,9,14.15,27.79,1.2,1.84,11.2
447,2,17,26.59,1.3,2.14,11.8
448,9,14.66,26.19,1.8,2.6,11.3
449,9,14.54,26.01,1.6,2.35,11.1
450,9,14.2,25.98,2.2,3.08,11.4
451,2,19.32,22.31,2.2,2.95,11.7
452,9,19.83,21.43,13.8,11.46,16.6
453,1,19.05,20.9,7.2,6.96,13.5
454,9,16.41,22.99,18.2,13.16,17.7
455,2,16.46,20.74,1.8,2.59,10.4
456,9,10.74,21.08,2.8,3.77,9.6
457,8,5.23,22.11,16.3,14.79,14.6
458,3,5.65,22.15,1.1,1.71,7.7
459,3,5.47,22.16,1.7,2.48,8
460,1,3.12,21.26,29.2,18.35,18
461,9,2.1,20.86,5.1,6.03,8.5
462,9,1.84,20.96,9.8,9.41,10.5
463,9,1.66,20.72,6.2,6.95,8.9
464,9,1.59,20.68,6,6.79,8.8
465,9,2.1,20.8,1.7,2.48,6.8
466,9,0.24,21.87,6.1,6.87,8.8
467,1,1.72,24.29,17.8,13.41,14.3
468,3,0.71,25.15,1.3,1.97,7.3
469,9,2.94,27.65,4.5,5.49,10.1
470,9,2.94,27.55,13.8,11.46,13.9
471,9,2.93,27.56,3.6,4.61,9.7
472,2,2.34,27.89,2.2,2.95,8.8
473,2,3.86,28.25,3.2,3.81,9.8
474,9,6.88,27.86,17.8,13.03,16.4
475,2,3.3,30.31,4.8,5.13,10.9
476,8,0.31,31.4,16.3,14.79,15.7
477,8,4.1,31.35,13.1,13.16,15.4
478,8,1.52,36.8,13,13.1,16.1
479,2,2.64,38.08,6.6,6.52,13.5
480,3,3.08,34.84,1.7,2.48,10.5
481,3,3.19,34.91,2.2,3.08,10.8
482,2,4.38,33.57,2.8,3.47,11.1
483,9,5.9,34.59,1.8,2.6,11.2
484,9,6.13,34.56,2,2.85,11.4
485,9,6.29,34.65,2.6,3.54,11.8
486,9,6.27,33.51,1.8,2.6,11
487,9,6.35,33.49,1.4,2.1,10.8
488,9,7.4,33.32,1.6,2.35,11.2
489,3,7.25,33.39,1.4,2.1,11
490,9,7.67,33.15,1.2,1.84,11
491,9,8.32,34.1,2.6,3.54,12.1
492,1,9.4,35.87,6.5,6.44,14.6
493,1,7.92,38.6,32.7,19.58,24.7
494,2,6.21,38.7,2.3,3.04,12.6
495,2,6.58,40,4.1,4.56,13.8
496,2,9.49,39.32,7.6,7.25,15.9
497,2,13.07,37.61,2.3,3.04,14
498,2,15.14,37.92,2.5,3.21,14.7
499,2,17.15,37.64,1.6,2.41,14.7
500,1,18.63,39.5,6.5,6.44,17.8
501,2,19.57,40,2.1,2.86,16.1
502,1,18.66,37,13.7,11.18,20.1
503,2,18.13,35.2,4.2,4.65,15.5
504,2,19.3,34.05,5.5,5.68,16.1
505,9,16.83,30.47,1.6,2.35,12.8
506,2,19.38,30.55,2.3,3.04,13.8
507,2,20.75,31.03,3.8,4.32,15
508,3,21.73,31.53,8.4,8.54,17.5
509,3,21.73,31.43,8.2,8.41,17.4
510,6,21.3,32.34,10.5,11.54,18.9
511,6,21.3,32.24,15.3,14.32,20.8
512,6,20.87,33.23,21.5,16.84,23.1
513,6,20.29,34.58,22.1,17.04,23.5
514,8,22.55,33.83,16.5,14.88,21.9
515,2,21.68,34.91,3.7,4.23,16.1
516,2,21.51,36.29,3.1,3.73,16.2
517,2,23.23,33.3,1.2,2.05,14.9
518,9,24.18,32.6,11,10.09,19.5
519,2,24.04,40,1.3,2.14,16.9
520,2,24.14,39.92,3.2,3.81,17.8
521,8,25.96,33.07,13.8,13.55,21.6
522,2,25.07,34.47,1.3,2.14,15.7
523,8,27.54,34.7,15,14.17,22.9
524,2,25.67,35.79,4.8,5.13,17.8
525,2,27.06,35.85,4.2,4.65,17.9
526,2,25.73,33.76,1.2,2.05,15.7
527,2,25.44,31.3,1.5,2.32,15.1
528,2,28.25,34.26,2.3,3.04,17
529,2,29.5,36.04,1.8,2.59,17.5
530,2,30.35,35.4,3.1,3.73,18.1
531,2,30.79,37.67,2.5,3.21,18.5
532,4,32.5,34.2,15.3,14.32,24.1
533,1,34.81,37.46,8.3,7.74,22.1
534,2,34.86,40,1.3,2.14,19.6
535,2,36.25,35.83,1.5,2.32,19
536,1,33.6,32.65,25.9,17.08,27.3
537,2,32.31,31.7,2,2.77,17.2
538,1,34.85,30.67,16.5,12.73,23.7
539,1,35.65,31.24,24.8,16.63,27.1
540,1,48.86,36.19,22.1,15.46,30.7
541,9,40.21,35.86,12.3,10.76,24.8
542,9,40,36.24,5.4,6.29,22
543,1,41.99,35.61,19.5,14.25,27.8
544,11,44.02,35.13,10.4,11.48,25.3
545,2,43.99,35.81,1.3,2.14,20.8
546,2,44.93,36.07,1.1,1.96,21
547,2,48.23,39.6,1.5,2.32,22.9
548,1,46.88,37.54,4.6,4.97,23.5
549,11,43.7,33.9,9.8,11.05,24.6
550,1,42.09,33.7,26.7,17.39,30
551,1,43.4,32,2.5,3.21,20.3
552,11,45.48,31.74,10.7,11.68,24.9
553,9,51.28,30.6,13.1,11.14,26.5
554,1,51.8,31.46,8.9,8.16,25.1
555,1,52.9,31.66,15.7,12.31,28.1
556,1,52.5,32.88,4.5,4.89,23.7
557,2,53.13,31.87,1.3,2.14,22.1
558,1,50,39.45,32.3,19.44,35.3
559,12,56.24,38.08,24,14.36,33.2
560,12,59.48,38.51,31.2,15.77,36.2
561,2,57.85,34.25,1.1,1.96,23.8
562,1,56.88,34.06,3,3.64,24.4
563,2,57.23,32.55,1.3,2.14,23.3
564,2,56.87,30.65,3.2,3.81,23.6
565,12,58.33,30.87,40.1,17.01,36.6
566,9,57.73,32.35,8.6,8.67,26.8
567,1,60.7,30.3,6.4,6.37,25.9
568,2,62,30.53,1.8,2.59,24.2
569,2,62.58,32.08,1.3,2.14,24.5
570,2,61,33.29,1.5,2.32,24.5
571,1,60.33,35.22,4.8,5.13,26.4
572,1,62.35,35.9,4.1,4.56,26.7
573,12,61.08,37.56,27.7,15.15,35.4
574,2,64.69,35.28,2.1,2.86,26.2
575,1,64.69,31.64,4,4.48,26.2
576,2,65.76,32.49,1,1.86,25.3
577,9,66.75,34.35,14.3,11.68,31.8
578,2,66.78,38.29,2,2.77,27.5
579,2,67.87,38.57,2.2,2.95,27.9
580,6,68.76,34.33,30,19.18,38.1
581,6,69.14,34.05,30.2,19.23,38.2
582,2,68.06,33.49,2.5,3.21,26.8
583,2,69.39,31.36,2.4,3.12,26.6
584,1,68.29,30.79,5.7,5.83,27.7
585,12,70,30.35,28.8,15.35,36.1
586,12,70.56,32.27,18.7,12.93,33.6
587,1,72.35,35.6,6.6,6.52,30.3
588,2,71.7,39.45,1.3,2.14,28.6
589,2,73.66,33.7,2.3,3.04,28.2
590,2,72.77,33.55,1.1,1.96,27.3
591,2,73.26,32.61,2.1,2.86,27.7
592,2,75.03,32.47,1.5,2.32,27.8
593,2,74.98,36.22,2,2.77,29
594,2,75.7,36.7,1.5,2.32,29.1
595,2,75.97,38.35,1.8,2.59,29.7
596,2,75.3,37.43,1.8,2.59,29.3
597,2,75.4,40,1.8,2.59,29.9
598,3,77.75,37.51,25.8,15.27,39.1
599,2,77.4,35.26,2,2.77,29.4
600,2,78.37,34.68,1.9,2.68,29.4
601,2,78.13,33.63,1.5,2.32,28.9
602,2,76.68,32.46,2.1,2.86,28.5
603,2,79.07,30.99,1.8,2.59,28.6
604,2,79.41,32.49,3.5,4.07,29.9
605,2,80,31.52,1.6,2.41,28.9
606,2,81.48,30.7,2.2,2.95,29.3
607,2,83.6,32.42,1.5,2.32,30
608,2,84.95,32.32,1.3,2.14,30.2
609,2,84.85,31.98,2.2,2.95,30.5
610,2,87,30.93,1.3,2.14,30.3
611,1,87.21,31.36,12.2,10.29,35.3
612,2,87.01,32.38,3,3.64,31.5
613,7,90,32.35,9.8,11.05,35.8
614,9,89.29,33.86,7.2,7.71,34.5
615,1,89.5,37.45,31.2,19.06,44.3
616,9,91.11,36.9,8,8.27,36.1
617,1,90.38,32.36,3.6,4.15,32.6
618,1,96.66,32.59,6.5,6.44,35.5
619,1,98.05,31.7,3.8,4.32,34.5
620,9,94.68,34.86,5.6,6.46,35.4
621,9,94.72,38.98,17.2,12.81,40.9
622,1,97.97,36.37,20.7,14.82,42.5
623,9,98,40.64,1,1.58,35.3
624,9,97.92,40.65,1.3,1.97,35.5
625,2,95.55,40.67,1.2,2.05,34.9
626,2,95.57,40.68,1.8,2.59,35.2
627,9,95.08,40.89,15.2,12.05,40.8
628,9,95.08,40.96,5.7,6.54,37.1
629,2,94.69,42.08,1.3,2.14,35.1
630,2,96.4,43.4,1,1.86,35.7
631,1,96.07,42.67,7.1,6.88,38.2
632,1,98.47,44.12,16.4,12.68,42.9
633,2,98.46,46.22,1.3,2.14,37
634,2,97.8,47.86,1.2,2.05,37.2
635,2,93.25,43.66,1.5,2.32,35.2
636,6,92.01,44.96,24.9,17.89,44.9
637,2,91.79,47.78,2.3,3.04,36.2
638,2,90.52,49.44,2.5,3.21,36.4
639,12,89.52,47.88,29.5,15.48,45.6
640,1,84.86,46.64,15.8,12.36,39.9
641,2,84.22,46.34,2.5,3.21,34.1
642,2,85.92,41.5,1.6,2.41,32.9
643,9,82.96,40,9.5,9.23,35.4
644,9,82.9,40.47,15.5,12.17,37.8
645,1,80,43,21.4,15.15,39.9
646,1,77.38,44.49,8.5,7.88,34.6
647,1,76.6,41.31,7.9,7.46,33.3
648,2,76.07,43.83,2.2,2.95,31.3
649,2,73.92,43.01,2.4,3.12,30.6
650,2,73.44,45.64,1.8,2.59,30.9
651,2,73.38,41.52,2.7,3.39,30.2
652,2,72.29,41.4,1.8,2.59,29.5
653,12,70.21,40.56,27.8,15.17,38.4
654,2,71.47,42.41,4.9,5.21,31
655,1,71.47,42.31,7.3,7.03,32
656,13,74.28,45.18,51,22.41,48.2
657,9,77.28,46.79,7.5,7.92,34.9
658,7,75.62,47.01,8.9,10.38,35.5
659,6,74.75,48.15,26,18.2,41.8
660,12,72.14,46.7,15,11.64,36.4
661,2,70.92,47.68,4.6,4.97,32
662,2,70.69,47.67,1.6,2.41,30.6
663,2,70.91,47.58,1.7,2.5,30.7
664,2,70.18,47.2,1.5,2.32,30.3
665,12,69.31,48.27,11.7,10.18,34.9
666,2,66.07,49.74,2,2.77,30.1
667,12,65.41,48.9,35,16.36,41.4
668,2,63.55,49.28,1.3,2.14,29.1
669,2,63.52,47.38,5.8,5.91,30.7
670,2,63.51,47.32,3,3.64,29.4
671,2,65.96,45.78,1.5,2.32,28.9
672,2,66.76,47.15,2,2.77,29.7
673,2,67.44,45.99,1.5,2.32,29.3
674,12,64.93,44.72,8.9,8.63,31.8
675,2,65.02,43.66,1.2,2.05,28
676,2,64.24,43.83,2.3,3.04,28.4
677,2,66.07,43.77,2.7,3.39,29
678,2,67.23,44.45,1.3,2.14,28.8
679,2,66.92,42.98,2,2.77,28.7
680,1,68.02,43.46,5.1,5.37,30.5
681,2,68.23,41.04,1.2,2.05,28.1
682,2,66.53,41.95,1.5,2.32,28.1
683,2,67.35,40.36,1.8,2.59,28
684,1,66.83,40.59,9.4,8.5,31.3
685,1,65.27,41.31,9.7,8.7,31.2
686,2,63.66,41.99,1.5,2.32,27.4
687,1,62.82,41.56,3.2,3.81,27.8
688,1,61.46,41.76,7.2,6.96,29.3
689,1,60.4,44.25,9.5,8.56,30.7
690,2,63.81,43.61,2.6,3.3,28.3
691,12,63.49,44.91,19,13.03,35.1
692,2,63.66,45.62,2.5,3.21,28.7
693,2,62.81,49.72,1.8,2.59,29.2
694,1,58.74,46.76,12.5,10.47,32.1
695,12,58.56,47.71,23.7,14.29,36.1
696,1,58.52,45.15,18,13.51,33.8
697,9,54.09,49.28,8.9,8.86,30.3
698,2,53.92,46.96,2,2.77,26.4
699,2,57.09,44.61,1.8,2.59,26.5
700,9,55.01,44.89,11.2,10.2,30.3
701,2,58.66,42.79,2.2,2.95,26.7
702,2,58.97,40.52,1.1,1.96,25.6
703,2,56.28,42.19,2,2.77,25.8
704,1,55.72,41.26,7.5,7.17,27.9
705,2,55.38,41.95,3,3.64,26
706,2,54.24,43.19,2.5,3.21,25.8
707,1,51.05,42.08,4.1,4.56,25.4
708,2,51.27,44.31,1.4,2.23,24.8
709,2,51.08,45.47,1.2,2.05,25
710,9,50.53,46.42,17.5,12.92,31.8
711,9,51.41,46.14,7.5,7.92,28.2
712,9,52.84,46.49,13.5,11.32,31
713,3,52.24,46.15,1.3,1.97,25.4
714,4,51.23,46.51,1.1,1.53,25.1
715,4,51.43,47.16,1,1.36,25.2
716,4,52.42,47.55,1,1.36,25.6
717,2,53.84,46.69,1.6,2.41,26.1
718,4,53.92,46.75,1.4,2.02,26
719,2,53.16,48.8,1.6,2.41,26.5
720,12,48.88,46.99,15.3,11.76,30.7
721,2,48.1,46.97,1.5,2.32,24.7
722,2,47.15,46.47,1.6,2.41,24.4
723,2,45.5,49,2.4,3.12,25
724,2,45.7,48.42,1.4,2.23,24.4
725,12,46.08,48.26,21.3,13.69,32.3
726,12,44.35,48.09,8.1,8.12,27.2
727,1,45.92,45.88,10.3,9.09,27.8
728,9,47.15,43.49,9.3,9.11,27.3
729,9,47.1,43.48,11.8,10.51,28.2
730,2,46.37,43.99,2.7,3.39,24.1
731,2,47.7,42.55,1.2,2.05,23.4
732,9,43.92,42.14,1.7,2.48,22.6
733,9,43.73,42.05,1.3,1.97,22.3
734,2,42.82,41.92,2.2,2.95,22.5
735,2,43.95,43.04,1.6,2.41,22.8
736,3,42.36,41.47,23.6,14.74,30.5
737,2,41.38,40.83,1.6,2.41,21.6
738,2,40.35,40.47,3.5,4.07,22.1
739,2,41.87,44.15,1.4,2.23,22.4
740,6,41.62,45.62,61.2,23.34,42.9
741,3,42.84,45.3,1.2,1.84,22.8
742,9,42.35,46.16,1.5,2.23,23.1
743,3,41.74,46.61,1.2,1.84,22.8
744,9,40.27,48.05,1.6,2.35,23.1
745,1,37.85,47.96,6.3,6.29,24.6
746,2,37.95,48.98,2.5,3.21,23.2
747,2,39.45,49.32,2.5,3.21,23.6
748,2,35.6,48.7,1.2,2.05,21.9
749,2,35.32,48.01,1.5,2.32,21.8
750,1,36.83,47.12,3.5,4.07,22.9
751,2,34.58,47.83,1.3,2.14,21.5
752,2,33.88,47.32,2.1,2.86,21.5
753,9,37.17,45.01,8.4,8.54,24.8
754,9,37.16,45.03,5.2,6.12,23.4
755,9,37.05,45.28,6.8,7.41,24.1
756,4,38.52,41.07,1.3,1.86,20.7
757,2,36.89,40.66,1.3,2.14,20.2
758,9,37.43,40.4,8,8.27,23.5
759,1,34.59,43.41,18.4,13.71,27.5
760,3,32.62,46.04,9.5,9.23,24.3
761,3,32.74,46.18,11.8,10.51,25.3
762,3,32.32,46.2,12,10.61,25.3
763,3,32.05,46.23,9.8,9.41,24.4
764,4,30.56,49.08,29.5,19.07,32.1
765,9,30.64,46.57,1.3,1.97,20.1
766,2,30.35,42.41,2.2,2.95,19.5
767,2,30.48,41.14,3.7,4.23,19.9
768,4,30.63,49.47,15.5,14.41,27.5
769,2,28.63,42.18,3.5,4.07,19.6
770,2,28.53,40.69,3,3.64,19
771,2,28.57,42.32,3.4,3.98,19.6
772,2,27.61,41.25,3.2,3.81,19
773,2,26.72,40.85,1.8,2.59,18
774,2,24.43,43.48,1.5,2.32,17.9
775,2,26.9,44.05,1.5,2.32,18.7
776,2,27,44.04,1.6,2.41,18.8
777,2,28.77,44.78,1.8,2.59,19.5
778,12,28.01,45.3,31.1,15.76,30
779,8,27.65,44.87,2.3,3.39,19.6
780,2,25.47,47.03,1.5,2.32,19.1
781,2,26.04,48.37,2.3,3.04,19.9
782,2,27.86,48.11,2.5,3.21,20.4
783,2,27.92,49.04,1.8,2.59,20.3
784,2,29.35,48.68,1.5,2.32,20.5
785,1,29.36,40.87,7.4,7.1,21.2
786,9,27.27,49.82,13.2,11.19,25.4
787,2,22.41,48.32,3.6,4.15,19.6
788,2,21.23,47.28,1.5,2.32,18.1
789,2,23.09,46.6,3,3.64,19.1
790,12,25.1,43.09,27.2,15.05,27.6
791,2,25.03,42.5,2.2,2.95,18.2
792,2,24.01,42.15,2.5,3.21,18
793,1,23.02,41.31,3.3,3.9,17.9
794,9,22.46,40,16.5,12.56,22.9
795,2,23.44,40.59,3.7,4.23,18
796,2,20.63,41.13,3.3,3.9,17.2
797,1,21.63,41.67,15,11.92,22.6
798,2,19.05,41.68,2.8,3.47,16.8
799,2,18.39,42.63,1.3,2.14,16.1
800,2,17.16,42.08,3,3.64,16.5
801,9,17.14,42.07,1.6,2.35,15.8
802,1,16.78,42.91,15,11.92,21.7
803,2,16.01,43.52,2.2,2.95,16.2
804,8,18.84,43.65,1.7,2.49,16.7
805,2,18.18,44.3,1.6,2.41,16.6
806,2,19.02,44.54,3.2,3.81,17.6
807,2,18.57,46.07,4.2,4.65,18.4
808,2,16.62,47.19,2.7,3.39,17.5
809,2,17.88,47.62,1.7,2.5,17.4
810,1,19.03,49.59,12.2,10.29,22.8
811,4,17.51,49.58,1.3,1.86,17.6
812,4,17.27,49.6,1.5,2.18,17.6
813,9,16.07,49.61,1.2,1.84,17.2
814,2,16.4,47.8,1.5,2.32,17
815,2,15.87,46.91,2.8,3.47,17.3
816,12,15.22,48.14,45.7,17.6,31.7
817,9,15.7,48.09,1.3,1.97,16.8
818,4,14.63,49.09,1.2,1.7,16.7
819,2,14.91,49.46,1.5,2.32,17
820,2,14.87,49.57,1.4,2.23,17
821,9,11.08,42.39,1.2,1.84,14.1
822,2,11.77,47.02,5.3,5.52,17.4
823,2,11.34,44.09,3.5,4.07,15.8
824,2,12.27,42.72,3.8,4.32,15.8
825,7,10.9,40.75,1.3,1.86,13.7
826,2,10,40.98,3.9,4.4,14.8
827,2,8.57,40.46,1.8,2.59,13.4
828,9,7.91,41.49,1.5,2.23,13.3
829,2,8.52,41.67,2.5,3.21,14
830,8,7.24,43.33,10.8,11.75,18.3
831,1,6.5,44.26,12.5,10.47,18.4
832,4,8.1,43.95,1.3,1.86,13.8
833,2,8.7,45,3.5,4.07,15.3
834,2,9.57,46.14,4.7,5.05,16.4
835,2,9.29,47.12,2,2.77,15.3
836,2,8.64,46.82,2.5,3.21,15.3
837,2,9.43,48.09,2.2,2.95,15.7
838,2,8.07,47.36,3.2,3.81,15.6
839,2,8.08,49.32,1.7,2.5,15.4
840,2,8.63,49.7,2.7,3.39,16.1
841,2,7.03,49.72,3.5,4.07,16.1
842,2,6.67,48.18,2.7,3.39,15.2
843,2,7.75,47.38,2,2.77,15
844,9,6.77,46.1,12.6,10.9,19.1
845,2,5.58,48.7,2.3,3.04,14.9
846,2,5.3,48.82,2.5,3.21,15
847,9,1.49,46.56,11.5,10.35,17.5
848,9,0.96,46.73,16.5,12.56,19.2
849,2,2.11,46.38,2.5,3.21,13.6
850,2,3.44,45.35,1.8,2.59,13.3
851,2,1.56,44.83,4.5,4.89,13.9
852,2,0.61,45.44,3,3.64,13.2
853,2,3.55,43.72,5.2,5.45,14.5
854,2,2.67,43.12,3.5,4.07,13.3
855,2,3.02,41.93,4.1,4.56,13.4
856,2,4.03,40.97,3.3,3.9,13.1
857,2,3.2,40.78,4.8,5.13,13.5
858,2,7.71,40.78,5.4,5.6,14.9
859,9,1.75,42.49,1.5,2.23,12
860,9,1.52,42.53,1.8,2.6,12.1
861,2,1.52,41.83,2.5,3.21,12.3
862,9,1.61,41.18,1.3,1.97,11.5
863,9,0.96,40.91,1.5,2.23,11.4
864,9,0.87,40.89,1.6,2.35,11.4
865,9,0.72,41.79,1.3,1.97,11.4
866,1,0.71,42.19,5.5,5.68,13.5
867,8,0.74,42.79,10.3,11.41,16.3
868,2,2.2,51,1.3,2.14,14.2
869,1,4.7,51.4,2.5,3.21,15.5
870,1,3.6,52.3,4,4.48,16.1
871,12,3.1,52.4,35.8,16.47,26.9
872,1,4,53.4,5.5,5.68,17.1
873,12,5.3,53.3,18.7,12.93,22.6
874,2,4,52.7,1.3,2.14,15
875,2,7.6,57.8,1,1.86,17.1
876,2,9.5,51.7,1.1,1.96,16.1
877,2,8.8,52.8,2,2.77,16.6
878,9,6.4,54.9,5.6,6.46,18.3
879,2,5.5,55.8,11.5,9.86,20.7
880,2,1.9,56,1.2,2.05,15.3
881,2,0.6,54.8,1.4,2.23,14.8
882,2,1.2,57,2.5,3.21,16
883,1,0.3,58,13.2,10.89,20.6
884,2,1.1,59.8,2.3,3.04,16.6
885,2,7.4,58.9,1.3,2.14,17.4
886,1,8,57.9,14.6,11.7,23.1
887,2,9.8,59.7,1,1.86,18.1
888,2,10.2,53.2,1.6,2.41,16.9
889,2,10.5,54.6,1.5,2.32,17.2
890,2,11.9,51.3,2.7,3.39,17.3
891,2,12,50,1,1.86,16.2
892,2,13.7,53,1,1.86,17.4
893,2,13.9,52,2,2.77,17.7
894,2,15.9,50.7,3.5,4.07,18.5
895,4,15.7,50.9,1.3,1.86,17.4
896,2,16,51,2,2.77,17.9
897,2,15.3,53,3.7,4.23,19.1
898,2,14.7,54.4,2.8,3.47,18.8
899,2,15.5,55.4,2.6,3.3,19.2
900,4,13.6,55.7,1.1,1.53,18
901,2,14.1,55.9,1.3,2.14,18.4
902,2,15.3,56.7,1.8,2.59,19.1
903,2,13.2,57.2,4,4.48,19.7
904,2,14.4,51.1,3.5,4.07,18.3
905,2,19.4,58.1,3.8,4.32,21.4
906,4,19.6,59.7,1.3,1.86,20.6
907,8,22.4,59.8,13.5,13.38,27.3
908,8,23.2,59.2,15,14.17,27.9
909,8,23.1,59.2,9.5,10.83,25.7
910,2,24.1,57.2,3.6,4.15,22.3
911,9,21.7,55.6,5.8,6.62,22.4
912,9,22.2,55.4,12.8,11,25.4
913,9,21.8,55.2,6.5,7.18,22.7
914,9,21.6,55.2,13.2,11.19,25.3
915,9,22,54.7,12.5,10.86,25
916,2,25.8,55.1,1.1,1.96,21
917,2,25.8,51.1,17,13,26.7
918,2,27.4,51.5,13.2,10.89,25.7
919,9,29.8,51.4,10,9.53,25.2
920,8,29.7,53.7,13.2,13.22,27.5
921,9,32,52.3,7.9,8.2,25.1
922,3,33.7,51.7,28.1,15.76,32.3
923,9,32.5,54.9,7.2,7.71,25.6
924,9,32.7,55,6.3,7.03,25.3
925,11,33.9,56.4,12,12.51,28.7
926,9,30.8,57.6,9.5,9.23,26.8
927,9,31,57,4.2,5.2,24.4
928,9,31,57.7,10.5,9.81,27.3
929,9,31,57.8,6,6.79,25.4
930,9,31,57.9,11.8,10.51,27.8
931,9,30.9,57.7,5.6,6.46,25.2
932,9,30.8,57.8,4.2,5.2,24.5
933,9,30.9,57.9,2.2,3.08,23.5
934,9,32.6,58.7,7.5,7.92,26.7
935,9,32.8,57.6,7.1,7.63,26.3
936,9,37.4,53.4,14.5,11.76,29.3
937,9,36.3,52.7,3.5,4.51,24.3
938,9,39,51.8,7.1,7.63,26.4
939,1,38.9,53.9,5.3,5.52,25.9
940,1,39.3,55.4,16.5,12.73,31
941,2,39.2,58.4,1.5,2.32,25.4
942,2,40.7,56.8,2.3,3.04,25.7
943,2,40,56,1.3,2.14,24.9
944,1,40.6,54.3,19.5,14.25,32.2
945,1,41,50,9.2,8.36,27.1
946,9,44.4,50.5,8.4,8.54,27.9
947,2,44,50.2,1.3,2.14,24.4
948,9,44.3,50.5,7.6,7.99,27.6
949,9,44.2,52.2,10.8,9.98,29.3
950,1,45.1,52,28.1,17.93,35.8
951,2,43.1,53.7,1.6,2.41,25.2
952,2,43.9,54.1,1.3,2.14,25.4
953,2,42.2,56,2.5,3.21,26
954,2,42.7,57.2,3,3.64,26.6
955,2,42.1,59.3,2,2.77,26.5
956,1,42.9,59.6,16.3,12.63,32.9
957,2,45.6,58.9,2.5,3.21,27.6
958,9,47.5,59,12.1,10.66,32.3
959,1,48.5,58,8.2,7.67,30.6
960,9,44.2,55.8,8.9,8.86,29.4
961,9,48,55.4,8.1,8.34,30
962,1,49.4,55.8,18.4,13.71,34.3
963,1,49.7,52.5,17.1,13.05,33.1
964,2,47.1,50.7,1.6,2.41,25.5
965,2,51.8,50.4,1.3,2.14,26.4
966,1,53.2,52.7,30.2,18.71,38.7
967,2,55.4,51.3,2.7,3.39,28.2
968,3,55.8,52,1,1.58,27.6
969,2,55.6,51.7,1.3,2.14,27.7
970,1,57.9,52.8,5.8,5.91,30.6
971,1,57.5,54.5,3.1,3.73,29.7
972,2,56.3,56.1,1.3,2.14,29
973,2,54,56.9,2.5,3.21,29.2
974,1,56,59.2,11,9.54,33.9
975,2,56.6,58.7,2.3,3.04,30.2
976,9,57.5,58.5,1.2,1.84,29.8
977,9,57.1,59.3,26.8,15.49,39.7
978,2,58.2,59.8,3,3.64,31.2
979,2,58.6,59,2.2,2.95,30.7
980,2,60.9,59.1,3.3,3.9,31.8
981,1,62.2,57.1,4.2,4.65,32
982,2,62.9,56.4,1.3,2.14,30.7
983,2,64.5,57.7,2.5,3.21,32
984,12,64.4,58.6,19.4,13.15,38.9
985,2,63.8,59.8,2.2,2.95,32.2
986,9,65.8,58.6,1,1.58,31.7
987,2,65.7,58.7,1.3,2.14,32
988,2,65.2,58.1,2.3,3.04,32.2
989,2,63.9,54.7,1.3,2.14,30.5
990,4,64.6,54.8,1,1.36,30.4
991,2,64.2,51.5,1.5,2.32,29.9
992,12,61.5,51.2,22.3,13.95,37.2
993,12,65.1,51.2,13,10.8,35
994,12,67.7,50.4,10,9.28,34.3
995,2,65.4,50.8,2.4,3.12,30.4
996,2,69.6,53.2,5.7,5.83,33.6
997,2,70,51.7,1.6,2.41,31.4
998,2,70,53.2,2,2.77,32
999,2,68.5,53,1.6,2.41,31.4
1000,12,68.93,56.35,36.8,16.6,44.7
1001,2,67.48,56.48,2.6,3.3,32.5
1002,2,65.91,56.58,2,2.77,31.8
1003,2,65.4,57,2.9,3.56,32.2
1004,2,64.6,58,2.1,2.86,31.9
1005,2,64.9,59.1,2.2,2.95,32.3
1006,2,69.71,59.8,2,2.77,33.6
1007,3,69.7,58.6,17,12.74,39.5
1008,12,79.9,58.8,6.4,6.9,38
1009,2,70.8,56.7,1.5,2.32,32.8
1010,2,78.2,56.1,1.6,2.41,34.6
1011,2,70.8,55.1,1.2,2.05,32.3
1012,2,70.8,55.4,1.4,2.23,32.5
1013,3,73.1,53.2,8,8.27,35.6
1014,3,73.8,53.4,7.3,7.78,35.6
1015,2,74.1,50.8,1.7,2.5,32.3
1016,2,74.6,51.2,1.5,2.32,32.4
1017,2,75.3,52.1,2.2,2.95,33.1
1018,2,74.5,54.6,2,2.77,33.5
1019,1,74.2,55.3,9.8,8.76,37
1020,1,75.1,57.5,11.5,9.86,38.5
1021,2,74.6,58.7,1.6,2.41,34.3
1022,2,77,57.8,1,1.86,34.4
1023,1,77.1,57.8,9.7,8.7,38.3
1024,12,79,59.6,26.7,14.95,45.1
1025,3,79.2,59.8,6.9,7.49,38.3
1026,3,79.8,59.9,9.2,9.05,39.5
1027,12,80.7,56.7,8.4,8.32,38.5
1028,12,88.5,56.4,14.9,11.6,42.9
1029,2,81.7,58,1.6,2.41,35.9
1030,2,82.7,58.1,1.4,2.23,36.1
1031,2,83,54.9,1.8,2.59,35.6
1032,2,81.8,54.6,2.6,3.3,35.6
1033,2,82.6,53.2,2.4,3.12,35.3
1034,2,80.8,52.1,2.4,3.12,34.6
1035,12,84.7,50.6,32.2,15.94,45.9
1036,2,87.9,50.8,1.6,2.41,35.7
1037,1,88.9,50.7,7.6,7.25,38.6
1038,11,87,52,6,7.83,38.2
1039,12,86.9,53.2,34.4,16.27,47.7
1040,12,85.2,54.1,8.2,8.18,38.9
1041,12,85,55.6,44.7,17.51,50.7
1042,12,88.7,56.6,31.8,15.87,48.2
1043,12,89.1,58.4,1.5,1.99,37.7
1044,2,84.5,58.9,2,2.77,37
1045,2,86.9,58,1.4,2.23,37.1
1046,2,90.4,59.8,2,2.77,38.7
1047,12,90.4,58.5,14,11.23,43.5
1048,2,91.1,59.9,1.3,2.14,38.6
1049,2,98.9,58.7,2.2,2.95,40.7
1050,2,98.1,58.3,1.6,2.41,40.1
1051,2,98.9,57.4,2.1,2.86,40.3
1052,12,97.9,57.2,9.8,9.17,43.5
1053,2,91.3,56.4,2.7,3.39,38.4
1054,6,93.2,55.1,14.6,13.97,44.2
1055,6,93.2,55,19.8,16.23,46.1
1056,2,90,56.1,1.9,2.68,37.7
1057,2,90.2,54.3,1.8,2.59,37.2
1058,2,91.2,53.1,1.8,2.59,37.2
1059,2,94,52.9,1.5,2.32,37.7
1060,2,90.9,51.3,1.7,2.5,36.6
1061,12,91.1,51.4,8.2,8.18,39.7
1062,2,91.8,51.6,6.2,6.22,39
1063,12,98.8,51.1,19.9,13.3,45.8
1064,12,93.8,50.4,38.3,16.79,49.8
1065,2,95.8,51.9,2.1,2.86,38.2
1066,2,97.4,50.3,2.2,2.95,38.2
1067,2,97.3,52.2,3.5,4.07,39.3
1068,1,97,52.5,6.2,6.22,40.5
1069,12,97.1,53.4,26.7,14.95,48
1070,2,95.3,52.9,1.7,2.5,38.1
1071,2,95.7,54.4,1.6,2.41,38.5
1072,12,99.7,54.6,23.8,14.31,48.1
1073,12,92.4,57.4,20.6,13.49,46
1074,12,96.7,56.9,13.6,11.06,44.6
1075,2,96.8,56.3,2.5,3.21,39.7
1076,2,99.3,57.6,2.5,3.21,40.7
1077,2,92.6,57.7,3.3,3.9,39.4
1078,2,95.7,55.9,2.5,3.21,39.3
1079,2,94.4,55.7,2.6,3.3,39
1080,1,96.1,58.6,7.5,7.17,42.3
1081,2,96.9,58.8,2,2.77,40.1
1082,1,94.9,59.6,9.8,8.76,43.3
1083,2,95,59.9,1.5,2.32,39.7
1084,2,95,59.1,2.3,3.04,39.9
1085,7,97,59.4,7.9,9.57,43.5
1086,7,97.8,59.8,5.4,7.22,42.6
1087,7,99.7,59.8,2.9,4.23,41.6
1088,12,99.6,59.8,23,14.12,49.1
1089,2,98.9,60.4,2.2,2.95,41.1
1090,12,98.3,61.8,22.1,13.9,49
1091,2,99,63.8,2.9,3.56,42.3
1092,1,97.8,65.9,6.6,6.52,44.2
1093,1,98,66.1,2.9,3.56,42.6
1094,2,98.5,66.9,1.3,2.14,42.2
1095,1,96.9,68,7.1,6.88,44.7
1096,2,95.6,70,3.2,3.81,43.2
1097,2,91.8,69.3,1.6,2.41,41.3
1098,12,91.9,69.1,21.2,13.66,49
1099,2,94.1,64.6,3.6,4.15,41.6
1100,13,95.1,63.6,34.7,20.14,53.4
1102,2,95.3,61.8,1.5,2.32,40.2
1103,2,93.8,63,3,3.64,40.9
1104,2,94.9,61.8,2.9,3.56,40.8
1105,2,98.3,61.7,1.4,2.23,40.9
1106,11,91.2,63.6,1.9,2.8,39.9
1107,2,91.1,62.7,2,2.77,39.6
1108,2,91.5,61.4,2.4,3.12,39.6
1109,2,90,60.9,1.2,2.05,38.5
1110,9,90.5,63.2,6.5,7.18,41.8
1111,2,90,64.4,1.6,2.41,39.6
1112,1,89.1,61.8,2.1,2.86,39
1113,1,88.9,60.9,4.7,5.05,39.9
1114,2,86.6,62.1,1.5,2.32,38.1
1115,2,84.9,61.6,1.4,2.23,37.5
1116,1,85.4,61.8,4.4,4.81,39.1
1117,12,84.4,62.7,26.4,14.89,47.1
1118,2,81.3,61.1,1.3,2.14,36.5
1119,2,81.5,64.2,1.4,2.23,37.3
1120,3,82.6,64.1,6.6,7.26,40.1
1121,3,82.6,64.3,5.4,6.29,39.6
1122,3,82.7,64.3,5.1,6.03,39.5
1123,2,83.8,65,1.9,2.68,38.3
1124,2,84.4,66.7,1.5,2.32,38.7
1125,2,88.3,66.8,1.4,2.23,39.7
1126,2,88.4,67.1,2.8,3.47,40.4
1127,9,88.2,68.8,8.3,8.47,43.4
1128,9,84.9,68.2,8.4,8.54,42.5
1129,2,81.4,68,1.9,2.68,38.5
1130,2,80.2,68.5,1.5,2.32,38.1
1131,4,80.6,69.7,1.4,2.02,38.4
1132,2,78.7,68.8,1.4,2.23,37.8
1133,3,79.1,69.7,1.4,2.1,38.1
1134,4,79.8,70,1.1,1.53,38.1
1135,1,77.8,68.6,7.3,7.03,40.2
1136,1,76.7,69.7,7.5,7.17,40.3
1137,9,75.3,69.2,6.1,6.87,39.4
1138,2,75.4,68.7,2.1,2.86,37.3
1139,1,76.1,67.6,5.3,5.52,38.6
1140,2,78.6,65.5,1.7,2.5,37.1
1141,12,79.8,65,28.5,15.3,47.2
1142,3,77.7,64.5,16.3,12.48,42.7
1143,12,73.5,63.6,21.2,13.66,43
1144,3,71.2,60.6,15.5,12.17,39.8
1145,3,71.2,60.5,5.6,6.46,35.9
1146,2,70.8,62.1,1.6,2.41,34.2
1147,1,72.5,63.1,2.1,2.86,35.1
1148,2,72.9,67.5,1.3,2.14,36
1149,2,72.5,67.2,1.4,2.23,35.8
1150,1,74.7,67,6.9,6.74,38.8
1151,1,73.3,68.5,6.4,6.37,38.6
1152,12,71.2,64,24.5,14.48,43.5
1153,2,70.4,68.7,1.7,2.5,35.8
1154,2,70.3,68.1,2,2.77,35.8
1155,2,70.2,68.8,1.7,2.5,35.8
1156,2,70.5,69.9,2.5,3.21,36.5
1157,2,70,70,2,2.77,36.2
1158,2,68.9,69.3,1.5,2.32,35.5
1159,2,68.9,68.5,2.4,3.12,35.7
1160,1,69.9,69.5,2,2.77,36
1161,2,69.4,68.8,2,2.77,35.7
1162,2,68,69,2.6,3.3,35.7
1163,2,67.1,67.8,1.7,2.5,34.8
1164,2,67.7,69,1.5,2.32,35.1
1165,2,66.6,67.2,1.5,2.32,34.4
1166,1,65.5,66.7,4.6,4.97,35.4
1167,12,67.6,68.7,19,13.03,42.1
1168,6,67.1,65.3,32,19.61,46
1169,6,67.1,65.2,32.5,19.71,46.1
1170,12,64.7,63.2,21.9,13.84,40.9
1171,12,69.8,63.4,19.2,13.09,41.4
1172,6,68.7,63.2,24.1,17.66,43.4
1173,2,65.8,62.3,1.9,2.68,33.2
1174,2,64.6,62.8,2.3,3.04,33.2
1175,2,64.9,61.7,4.3,4.73,33.9
1176,2,64,62,3.4,3.98,33.3
1177,2,65,65,1.6,2.41,33.5
1178,2,63.1,62.7,2.1,2.86,32.7
1179,2,63.3,61.9,3.8,4.32,33.3
1180,2,62,61.5,3.2,3.81,32.6
1181,2,60.7,60.6,2.3,3.04,31.7
1182,1,60.3,61.4,8.5,7.88,34.5
1183,2,60.8,62.2,2.2,2.95,32
1184,2,62.2,61.8,2.7,3.39,32.5
1185,2,60.5,63.5,2,2.77,32.2
1186,2,63.6,68.3,3.3,3.9,34.8
1187,9,62.6,65.2,1.4,2.1,32.8
1188,2,62,66.1,3,3.64,33.7
1189,2,63.1,66.1,2,2.77,33.5
1190,2,63,66.8,1.7,2.5,33.5
1191,2,61.8,68.1,2.4,3.12,33.9
1192,2,62.7,67,2.6,3.3,33.9
1193,12,62.6,68.7,9.8,9.17,37.6
1194,9,57.9,68.7,22,14.32,40.7
1195,2,58.2,67.2,2.3,3.04,32.7
1196,1,59.2,65.6,6.6,6.52,34.5
1197,11,55.8,64.9,16,14.65,37.8
1198,11,55.7,64.9,22.3,17.1,40
1199,9,58.6,63.2,7.6,7.99,34.3
1200,2,58.4,63.4,2,2.77,31.6
1201,2,58.7,68.5,2.8,3.47,33.4
1202,9,55.2,62.2,9,8.92,33.8
1203,2,54.8,62,2,2.77,30.4
1204,2,58.8,62.6,1.4,2.23,31.3
1205,1,51.2,61.7,14.1,11.41,34.6
1206,2,50.4,60.4,1.9,2.68,28.8
1207,2,50.6,61.9,1.4,2.23,29
1208,11,51.7,63.1,40.9,21.16,44.2
1209,11,50.1,64.2,8.7,10.22,33.3
1210,2,52.4,66.1,1.4,2.23,30.5
1211,9,53.9,65.8,7,7.56,33.6
1212,9,53.8,66.1,22.2,14.37,39.1
1213,12,50.9,68.9,26.9,14.99,40.4
1214,4,49.7,67.7,11,11.88,35.1
1215,2,48,67.5,1.8,2.59,30
1216,2,48.1,63.2,3.2,3.81,29.6
1217,1,44.9,65.6,26.2,17.2,38.5
1218,9,44.7,60.5,9.4,9.17,30.9
1219,1,43.5,61.4,29.2,18.35,38.1
1220,2,42.4,61,1.9,2.68,27
1221,1,42,62.1,6,6.06,29
1222,9,43,65.1,8,8.27,31.1
1223,2,41.3,66.7,2.1,2.86,28.2
1224,1,44.3,69.3,5.5,5.68,31.2
1225,2,44,66.2,2.7,3.39,29.1
1226,12,39.8,67,25,14.59,36.6
1227,7,39.1,67.5,6.7,8.51,30.5
1228,7,39.1,67.6,9.9,11.13,31.9
1229,9,39.8,64.6,11.6,10.41,31.6
1230,9,38.9,63.5,7.2,7.71,29.3
1231,2,38.2,63.3,1.7,2.5,26.4
1232,2,39.1,61.8,1.8,2.59,26.3
1233,2,39,61.6,2,2.77,26.3
1234,1,38.6,60.8,8.6,7.95,29
1235,2,38.1,61.1,1.7,2.5,25.9
1236,9,37.8,60,12.3,10.76,30.2
1237,11,33.2,63.6,24.1,17.66,34.6
1238,11,36.3,60.6,21.9,16.97,33.9
1239,11,35.3,62.7,24.9,17.89,35.2
1240,9,34.8,63.1,11.4,10.3,29.9
1241,9,35.1,64.6,8,8.27,29
1242,9,33.6,62.6,17,12.74,31.5
1243,9,32.6,60.7,9.7,9.35,28.1
1244,11,31.2,61.4,23.1,17.36,33.3
1245,2,31.4,62.7,2.1,2.86,24.8
1246,2,30.5,64.9,2.3,3.04,25.2
1247,2,31.8,65.8,2.1,2.86,25.6
1248,2,35.4,67.5,2.4,3.12,27.1
1249,9,37,67.7,12.4,10.81,32
1250,11,36.5,69.2,8.6,10.15,31.1
1251,4,30,68.9,25.1,17.95,35.5
1252,4,30.2,68.4,20,16.31,33.7
1253,4,30.1,68.4,21.8,16.94,34.3
1254,9,29.6,66.3,12,10.61,29.6
1255,9,29.8,66.4,4.4,5.39,26.5
1256,2,29.4,67.5,1.8,2.59,25.3
1257,2,28.8,66.9,3.6,4.15,25.9
1258,2,29.4,64.4,2.1,2.86,24.7
1259,2,27.6,67.2,2.7,3.39,25.2
1260,9,24.1,69.7,5.1,6.03,26.2
1261,2,22.5,69.6,3.9,4.4,25.1
1262,2,22.2,70,1.3,2.14,23.9
1263,2,20.8,69.3,3.4,3.98,24.4
1264,2,21.4,67.8,3,3.64,24
1265,9,21.8,67.2,10,9.53,27.1
1266,9,21.7,67.3,9.9,9.47,27.1
1267,9,21.8,67.3,5,5.94,25
1268,9,21.5,67.2,8.4,8.54,26.4
1269,9,21.7,67.2,3.5,4.51,24.2
1270,9,21.7,67.1,7,7.56,25.8
1271,9,21.4,67.2,10.3,9.7,27.2
1272,8,24.3,64.9,11.5,12.2,28.2
1273,2,21.3,67.1,3.5,4.07,24
1274,2,20.5,66.6,4.6,4.97,24.2
1275,2,21.9,63.6,2,2.77,22.6
1276,2,23.7,62,3.9,4.4,23.5
1277,2,22.8,60.4,3.3,3.9,22.6
1278,2,15.4,60.3,6,6.06,21.9
1279,2,14.2,61.1,2.9,3.56,20.4
1280,9,13.5,60.4,18.9,13.39,26.5
1281,8,15.2,62.4,12.4,12.75,25.7
1282,1,16.3,64.3,13.4,11.01,26.3
1283,8,15.8,66.8,12.5,12.81,27
1284,9,14.6,65.8,16.6,12.6,27.4
1285,1,13.3,63.3,9.3,8.43,23.6
1286,2,13,66.1,1.8,2.59,20.9
1287,2,14.5,66.2,2.7,3.39,21.7
1288,2,18.6,67.7,1.9,2.68,22.7
1289,2,19.2,69.6,4,4.48,24.3
1290,2,19.7,69.8,3.2,3.81,24.1
1291,2,18.9,69.2,4.5,4.89,24.4
1292,1,15.2,69.5,29,18.27,33
1293,9,12.2,69.1,15.7,12.25,27.3
1294,1,10.5,68.9,15.8,12.36,26.9
1295,1,1.9,69.6,29.6,18.49,29.9
1296,2,3.7,68.5,1.2,2.05,18.9
1297,2,4.8,67.4,2.2,2.95,19.3
1298,2,5.1,64.9,1.8,2.59,18.6
1299,2,3.9,65.5,2.5,3.21,18.8
1300,2,4.5,64.9,1.8,2.59,18.4
1301,2,5.1,63.5,1.4,2.23,18.1
1302,2,4.1,63.7,1.4,2.23,17.9
1303,2,5.1,62.5,1.4,2.23,17.8
1304,3,5.9,61.5,8.8,8.8,21.3
1305,3,6.1,61.3,14.2,11.63,23.3
1306,3,6,61.3,16.3,12.48,24
1307,12,3.7,61.2,41.3,17.15,30.8
1308,2,3.7,60.5,1.7,2.5,17.1
1309,2,1.2,63.8,1.5,2.32,17.2
1310,1,1.1,66.9,15.8,12.36,24
1311,9,0.2,72.7,17.4,12.89,25.8
1312,2,0.2,74.2,5.5,5.68,21.4
1313,2,2.6,72.9,1.7,2.5,19.9
1314,9,3.4,70.6,6.8,7.41,22.1
1315,1,4.7,71.6,4.8,5.13,21.6
1316,9,5.2,72.2,17.4,12.89,26.9
1317,2,5,71.7,1.7,2.5,20.2
1318,2,2,75.9,1.8,2.59,20.6
1319,9,0,78.6,19.2,13.49,27.8
1320,1,1.5,79.1,24.2,16.38,30.3
1321,2,0.5,79.7,1.7,2.5,21.1
1322,1,6.4,77.2,15.8,12.36,27.9
1323,2,6.5,77.6,1.7,2.5,22.1
1324,2,6.8,75.1,1.6,2.41,21.5
1325,2,7.2,74.5,1.9,2.68,21.6
1326,2,8.4,78.9,3,3.64,23.5
1327,2,11.1,75.2,2.1,2.86,22.8
1328,2,10,79.3,1.8,2.59,23.4
1329,4,11.8,75.3,28.2,18.76,33.5
1330,2,12.7,72.8,2.4,3.12,22.8
1331,2,10.3,70.9,2.1,2.86,21.5
1332,2,13.2,72,2.2,2.95,22.6
1333,1,15.3,72.1,7.9,7.46,25.7
1334,2,15.5,71.2,2.6,3.3,23.2
1335,2,13.1,74.6,1.8,2.59,23
1336,2,19.2,73.5,2.3,3.04,24.5
1337,1,18.2,75.7,10.1,8.96,28.2
1338,2,17.7,75.6,2.5,3.21,24.8
1339,2,14.2,75.6,3.5,4.07,24.3
1340,7,13.7,75.5,1.5,2.18,23.2
1341,9,13.7,75.7,5,5.94,25.1
1342,2,12.2,76.4,2.3,3.04,23.5
1343,4,11.6,77.1,21.5,16.84,31.7
1344,2,12,76.8,3,3.64,23.9
1345,4,11.6,77,17.8,15.44,30.5
1346,4,18.2,76.6,19.9,16.27,32.7
1347,2,22.7,76,1.8,2.59,25.8
1348,2,24,73.3,2.8,3.47,25.9
1349,4,22.4,72.3,2.1,3.1,25
1350,4,22.8,71.4,36,20.37,37.6
1351,4,22,72,34.4,20.08,37.1
1352,1,21.6,70.8,20.2,14.59,31.8
1353,2,25.5,71.9,2.8,3.47,25.9
1354,9,27.5,72.6,15.3,12.09,31.9
1355,2,21.1,75.2,1.5,2.32,25
1356,9,26.3,75.5,17.7,12.99,33.1
1357,1,25.5,75.7,6.6,6.52,28.6
1358,2,24.9,73.4,3.5,4.07,26.5
1359,2,24.2,76.9,1.8,2.59,26.4
1360,2,29.6,77.3,1.7,2.5,27.8
1361,9,35.4,76.6,6.3,7.03,31.3
1362,9,30.5,76.5,17.2,12.81,34.3
1363,9,31.2,72,4.2,5.2,28.2
1364,9,33.2,76,4.5,5.49,29.8
1365,2,34,76.2,2.1,2.86,28.8
1366,2,34.1,77.9,3.2,3.81,29.8
1367,2,30.6,70,2.4,3.12,26.5
1368,9,33.5,70.3,18.5,13.26,33.9
1369,9,36.8,70,9.1,8.99,31.2
1370,1,34.2,77.4,13.2,10.89,33.9
1371,2,39.1,71.2,3.8,4.32,29.6
1372,2,38.6,74.4,1.9,2.68,29.4
1373,2,39.4,74.3,2.4,3.12,29.8
1374,1,39.7,75.1,4.3,4.73,0.3
1375,2,39.2,73.2,3,3.64,29.8
1376,2,37.1,76.8,2.4,3.12,29.9
1377,2,41,73.7,3.3,3.9,30.5
1378,1,40.6,72.6,4.2,4.65,30.5
1379,2,42.8,74,3.2,3.81,31
1380,2,41.8,74.5,2.7,3.39,30.6
1381,2,40.8,77,2.7,3.39,31
1382,2,43.6,74.1,3.5,4.07,31.3
1383,2,42,80,4.2,4.65,32.7
1384,2,44.9,75.8,2.8,3.47,31.7
1385,2,44.6,79.6,3.5,4.07,32.9
1386,1,45.4,75.4,5.4,5.6,33
1387,12,43.8,73.5,20.8,13.55,37.9
1388,1,45.7,72.5,3,3.64,31.2
1389,12,44.2,70.9,34,16.21,41.3
1390,12,44.1,70.9,34.8,16.33,41.5
1391,9,53.3,70.6,10.5,9.81,36
1392,9,53.3,70.7,8.8,8.8,35.4
1393,9,53.2,70.6,11.2,10.2,36.3
1394,9,53.9,72.7,14.7,11.85,38.3
1395,2,52.4,73.4,2.1,2.86,32.7
1396,12,55.5,72.2,30.8,15.71,43.6
1397,1,56.8,73.6,21.9,15.37,41.9
1398,9,54.09,74.6,13,11.09,38.2
1399,2,57,74.9,1.4,2.23,33.9
1400,2,53.3,74.9,1.5,2.32,33
1401,9,56.1,76.5,7.5,7.92,37
1402,2,55.7,76.6,1.3,2.14,33.9
1403,2,53.6,76.8,1.5,2.32,33.6
1404,2,53.2,76.5,1.4,2.23,33.3
1405,2,52.9,77.7,1.9,2.68,33.8
1406,9,57,77.4,6.5,7.18,37
1407,9,58.6,77,6.2,6.95,37.2
1408,9,51.9,79.7,6.8,7.41,36.5
1409,1,53.8,79.6,34.5,20.17,47
1410,9,52.3,73.9,15.8,12.29,38.6
1411,2,50.6,72.7,1.9,2.68,32
1412,2,50.4,70,2.9,3.56,31.7
1413,12,53,71.3,22.3,13.95,40.1
1414,12,55.8,70,29.8,15.53,42.8
1415,1,56.7,71.7,8,7.53,36
1416,2,55,72.2,1.5,2.32,32.8
1417,2,54.8,73.9,1.7,2.5,33.2
1418,2,53.8,75.6,1.2,2.05,33.2
1419,2,54.4,75.8,1.6,2.41,33.6
1420,2,57.7,75.1,2,2.77,34.4
1421,2,59.7,73.1,1.9,2.68,34.3
1422,2,58.8,75.1,1.5,2.32,34.4
1423,12,59.8,74.6,21.6,13.77,42.4
1424,1,59.9,75,3,3.64,35.4
1425,1,59.5,75.4,4.7,5.05,36.2
1426,1,59.4,76.1,4.9,5.21,36.4
1427,1,59.9,77.2,6,6.06,37.3
1428,2,59.7,77.6,1.4,2.23,35.2
1429,2,59.8,78.9,1.1,1.96,35.4
1430,2,58.1,78.9,1.3,2.14,35.1
1431,2,58.4,79.5,1.2,2.05,35.3
1432,2,71,79.1,1.8,2.59,38.6
1433,9,70.5,78.5,12.2,10.71,43
1434,9,71.5,78,4.9,5.85,40.1
1435,2,72.4,79.5,2.4,3.12,39.4
1436,2,73.4,78.1,2.7,3.39,39.4
1437,12,71.2,73.6,20.6,13.49,44.7
1438,2,70.3,73.7,3.2,3.81,37.8
1439,1,73.6,73.2,4.7,5.05,39.1
1440,2,73.3,73.2,1.6,2.41,37.6
1441,9,74.6,70.9,9,8.92,40.8
1442,9,74.5,70.9,5.9,6.71,39.5
1443,2,74.7,71.1,1.8,2.59,37.5
1444,2,76.8,71.5,1.9,2.68,38.2
1445,1,77.5,73.9,5.4,5.6,40.6
1446,2,79.5,71.1,2.6,3.3,39.1
1447,9,78.7,75.7,9.4,9.17,43.2
1448,2,76.1,75.6,2.2,2.95,39.2
1449,1,74,77.8,11.4,9.79,43.2
1450,11,75.2,79.1,7.7,9.4,42.9
1451,2,76.6,78,1.9,2.68,39.8
1452,1,78.8,79.6,1.5,2.32,40.6
1453,12,78.2,79.7,20.3,13.41,47.9
1454,12,80.2,79.4,25.2,14.63,49.9
1455,2,88.9,79.2,1.4,2.23,42.9
1456,2,81.8,80,2,2.77,41.6
1457,2,80.1,78.9,1.3,2.14,40.6
1458,2,81.5,74.5,2.5,3.21,40.4
1459,1,80.8,73.9,8.6,7.95,42.8
1460,2,81.8,71.6,1.7,2.5,39.4
1461,11,80.9,72.1,6.4,8.22,41.9
1462,2,81.4,70.3,2,2.77,39.1
1463,2,84.3,70.9,2.2,2.95,40.1
1464,3,84.2,71.1,13.4,11.28,45
1465,3,84.3,71,3.3,4.3,40.7
1466,3,84.3,71.1,8.2,8.41,43
1467,3,84.2,71,3.8,4.81,41
1468,3,84.6,73,6.1,6.87,42.6
1469,3,84.4,72.7,4.8,5.76,41.9
1470,3,84.7,73.2,4.8,5.76,42.1
1471,2,87.9,70.8,3.2,3.81,41.4
1472,9,89.2,72.4,8.7,8.73,44.8
1473,12,88.4,72.3,19.8,13.27,48.4
1474,2,88.3,72.5,1.6,2.41,41.2
1475,2,88.7,77.1,4,4.48,43.6
1476,2,87.8,77.2,3.6,4.15,43.2
1477,2,87.8,78.9,1.2,2.05,42.5
1478,2,86.7,77.2,1.1,1.96,41.7
1479,2,86.9,78.9,3.2,3.81,43.2
1480,2,85,80,4.2,4.65,43.5
1481,2,83.5,75.6,3.1,3.73,41.5
1482,12,89.7,79.6,28.5,15.3,53.3
1483,2,90.2,77.3,1.6,2.41,42.9
1484,12,91.4,77.9,37,16.63,55.7
1485,12,92,78.5,25.1,14.61,52.6
1486,12,93.4,79.1,20.4,13.44,51.6
1487,12,92.8,76.2,10.9,9.77,47.4
1488,2,94.2,75.7,2.8,3.47,44
1489,12,91.9,75.3,12,10.33,47.4
1490,12,93.3,73.7,6.4,6.9,45.1
1491,12,92.9,71.8,40,17,55.4
1492,2,94.4,72.3,1.5,2.32,42.6
1493,2,94.1,74.5,1.4,2.23,43.1
1494,2,95.3,73.3,2.4,3.12,43.5
1495,2,97,70.9,3.1,3.73,43.7
1496,2,98.4,70.2,1.7,2.5,43.2
1497,2,97.4,73.2,4.2,4.65,44.9
1498,2,99.1,74.2,4.4,4.81,45.6
1499,2,98.9,76.3,2.5,3.21,45.2
1500,6,96.8,75.9,29.1,18.98,55.2
1501,2,99.9,76.6,2.7,3.39,45.6
1502,2,99.1,79.2,1.8,2.59,45.7
1503,2,97.9,77.7,1.3,2.14,44.8
1504,12,99.4,79.7,26.5,14.91,55.1
1505,2,99.7,82.8,3.1,3.73,47.3
1506,2,97.8,82.3,2,2.77,46.2
1507,9,99.9,83.2,3.3,4.3,47.7
1508,2,99.8,82.7,2.8,3.47,47.2
1509,2,97.6,83.7,2.3,3.04,46.7
1510,2,96.2,85,1.3,2.14,46.2
1511,2,94.6,83.2,1.8,2.59,45.5
1512,2,93.1,83.2,1.7,2.5,45.1
1513,12,93.7,84.1,12,10.33,50
1514,12,94.5,85.5,17.5,12.55,52.5
1515,12,95.7,85.8,21.7,13.79,54.2
1516,2,94.5,88.2,2.7,3.39,47.2
1517,12,97.8,87.6,26.6,14.93,56.7
1518,12,95.5,89.4,24.5,14.48,56
1519,2,91.9,87.7,1.5,2.32,45.9
1520,12,95.3,85,6.1,6.67,48.3
1521,2,93.6,88.5,1.9,2.68,46.7
1522,2,95.2,88.5,1.5,2.32,46.9
1523,2,97.1,89.2,3.9,4.4,48.7
1524,2,97.7,89.2,3.1,3.73,48.4
1525,2,94.3,89.5,2.6,3.3,47.4
1526,2,93.9,90,1.9,2.68,47.1
1527,2,89.8,89.1,3.3,3.9,46.5
1528,12,90.2,87.3,65.3,19.02,65.5
1529,1,90,87.4,2.7,3.39,45.9
1530,2,89.1,87.4,2.1,2.86,45.4
1531,2,89.6,84.5,2.8,3.47,45.1
1532,12,88.1,81.9,13.4,10.98,48.6
1533,12,88.9,85.6,6.5,6.98,47
1534,2,88.2,80.7,2.2,2.95,43.5
1535,2,88.1,80,2.2,2.95,43.3
1536,12,88.9,89.6,3.5,4.31,46.6
1537,2,88,89.7,3.9,4.4,46.5
1538,2,87.9,88.9,3.3,3.9,46
1539,2,85.4,88.3,1.6,2.41,44.4
1540,2,84.1,87.2,4,4.48,44.9
1541,2,83.1,89,2.4,3.12,44.4
1542,2,81.4,90,2.7,3.39,44.4
1543,12,81.8,85.4,28.4,15.28,52.7
1544,2,85.5,84.3,2.2,2.95,43.7
1545,2,84.6,83.2,2.7,3.39,43.5
1546,12,85.7,80.5,22.7,14.05,50.7
1547,2,85.5,81.5,1.5,2.32,42.7
1548,2,84.5,84.7,1.6,2.41,43.3
1549,2,84.1,82.6,1.5,2.32,42.6
1550,12,80.5,81.6,25.2,14.63,50.5
1551,12,81.4,85.3,11.1,9.88,46.9
1552,2,80.6,86.1,1.7,2.5,42.7
1553,12,80.4,89.8,14.9,11.6,49.2
1554,2,79.7,87.8,2.7,3.39,43.4
1555,2,79.3,86.5,2.7,3.39,43
1556,12,78.7,88,29.9,15.55,53
1557,1,71.3,87.2,3.1,3.73,41.3
1558,12,71.9,89.6,8.8,8.57,44.7
1559,12,72.1,88.4,27.5,15.11,50.8
1560,12,71.2,89.5,10.2,9.39,45.1
1561,2,72.1,90,2.6,3.3,42
1562,2,73.3,90,1.7,2.5,41.9
1563,2,76.8,87.7,1.7,2.5,42.2
1564,1,76.9,86.2,2.2,2.95,42.1
1565,2,76.4,86.3,2.5,3.21,42.1
1566,2,76.9,84.9,2,2.77,41.6
1567,1,74.5,85.3,3.3,3.9,41.8
1568,2,77,86.5,2.3,3.04,42.2
1569,9,73.9,87.6,8.3,8.47,44.6
1570,1,77.6,82.2,11,9.54,45.1
1571,1,73,80,3.8,4.32,40.3
1572,1,78.5,86.5,1.9,2.68,42.4
1573,2,78.1,85.2,1.7,2.5,41.9
1574,1,79,83.4,4.9,5.21,43.1
1575,1,79.2,82.3,3,3.64,42
1576,12,79.7,83.6,6.9,7.28,44.4
1577,12,77.6,81.5,17.1,12.41,47.2
1578,2,78.5,82.1,1.1,1.96,40.9
1579,2,77.4,80.8,2.7,3.39,41.1
1580,2,73.4,82.1,1.8,2.59,40
1581,2,72,82.2,1.9,2.68,39.7
1582,2,70.7,83.1,1.9,2.68,39.6
1583,2,75.4,82.4,1.3,2.14,40.3
1584,11,73.9,87.5,7.9,9.57,44.7
1585,2,69.2,83.6,2.4,3.12,39.6
1586,9,69.6,85.1,8.2,8.41,42.8
1587,1,67.8,88.3,10,8.9,43.8
1588,2,67.3,82.9,1.9,2.68,38.7
1589,2,65.6,83.3,2.1,2.86,38.5
1590,2,66.3,83.3,1.1,1.96,38.2
1591,2,66.7,80.7,1.6,2.41,37.9
1592,2,68.6,80.4,1.3,2.14,38.1
1593,2,64.5,80.6,1.3,2.14,37.1
1594,2,66.6,81,3,3.64,38.6
1595,2,64.6,82.4,2.1,2.86,38
1596,2,64.9,82.4,1.6,2.41,37.8
1597,2,63.6,84,2.2,2.95,38.2
1598,9,62.4,83.2,1.3,1.97,37.2
1599,2,62.2,83.8,1.4,2.23,37.4
1600,1,61.2,82.7,19.8,14.4,44.5
1601,2,62.3,84.6,2.1,2.86,38
1602,2,64.5,84.5,2.4,3.12,38.6
1603,2,65.1,85.2,3.7,4.23,39.6
1604,9,64.8,86.4,6.8,7.41,41.4
1605,2,64.7,86.6,2.3,3.04,39.2
1606,2,62.6,87.7,2.3,3.04,38.9
1607,12,62.3,89.1,23.1,14.15,47.1
1608,12,62.2,89.1,27.1,15.03,48.4
1609,2,67.2,88.4,3.3,3.9,40.7
1610,2,68.1,89.2,1.5,2.32,40.3
1611,2,69.8,89.6,2.2,2.95,41.1
1612,2,69.9,89.7,1.4,2.23,40.8
1613,2,68.3,89.6,1.6,2.41,40.5
1614,9,68.3,88.9,4.2,5.2,41.7
1615,9,68.9,88.8,3.5,4.51,41.4
1616,2,67.4,89.8,2.7,3.39,40.8
1617,2,66.9,89.4,1.1,1.96,39.8
1618,1,63.7,89.4,3.7,4.23,40.3
1619,1,62.8,89.7,1.9,2.68,39.3
1620,2,61.8,89.8,1.2,2.05,38.7
1621,9,61.5,89.9,4.1,5.11,40.2
1622,2,61.7,88.5,3.3,3.9,39.4
1623,2,60.8,89.7,3.2,3.81,39.4
1624,2,60,87.3,1.5,2.32,37.8
1625,12,58.8,88.7,30.9,15.72,48.5
1626,2,58.3,89.2,1.7,2.5,37.9
1627,1,59.3,88.4,6.1,6.14,40
1628,2,57.8,88.2,1.4,2.23,37.4
1629,2,58.5,87.3,2.5,3.21,37.9
1630,9,57.6,87.1,17.9,13.06,43.9
1631,3,57.7,85.3,9.6,9.29,40.5
1632,9,59.3,82.8,7.9,8.2,39.6
1633,9,56.7,81.8,11.3,10.25,40
1634,2,59.2,81.9,1.4,2.23,36.2
1635,9,55.2,80.3,13.5,11.32,40.1
1636,2,55.6,87.7,2.5,3.21,37.3
1637,2,56.5,87,1.2,2.05,36.7
1638,2,54.4,90,1.9,2.68,37.2
1639,2,53.2,88.8,1.3,2.14,36.4
1640,2,50.1,88.6,1.4,2.23,35.6
1641,9,51,87.2,8.8,8.8,39
1642,9,56.1,83.3,16.6,12.6,42.1
1643,9,56.1,83.2,4.8,5.76,37.5
1644,1,51,84.7,37.4,21.07,48.5
1645,2,50.6,82.3,1.9,2.68,34.4
1646,2,51.7,81,1.4,2.23,34.1
1647,2,50.8,80.8,1.8,2.59,34
1648,2,50,83.6,1.6,2.41,34.4
1649,2,49.2,81.6,2.9,3.56,34.3
1650,3,49.1,81.6,2.3,3.2,34.1
1651,3,47.9,80.9,3.7,4.71,34.3
1652,2,45.8,80.7,2,2.77,32.8
1653,2,43.5,84.5,3.2,3.81,33.8
1654,12,44.7,81.8,16.1,12.06,38.7
1655,4,46.6,88.5,21.9,16.97,43.4
1656,12,44.1,85.1,38.5,16.82,46.1
1657,4,46.6,88.4,8.8,10.3,38.5
1658,4,46.5,88.5,19.8,16.23,42.7
1659,2,43.5,82,2.3,3.04,32.7
1660,1,49.3,84.9,15.9,12.41,40.6
1661,2,47.9,84.5,2.7,3.39,34.6
1662,2,46.4,85.8,2,2.77,34.2
1663,2,48.1,85.9,1,1.86,34.2
1664,2,49.8,87,1.2,2.05,35
1665,4,46.5,88.4,19.8,16.23,42.7
1666,2,49.7,87.3,1.4,2.23,35.2
1667,2,46,86.9,1,1.86,33.9
1668,2,46,88.9,2.1,2.86,35
1669,12,40.4,87.3,10.5,9.56,36.9
1670,12,40.9,87.3,7.7,7.85,35.9
1671,2,42.6,81.4,2.7,3.39,32.5
1672,2,40.8,82.2,2.2,2.95,32
1673,2,41.5,80.7,1.8,2.59,31.6
1674,2,40,81.2,1.2,2.05,31.1
1675,2,39.7,82.3,2.6,3.3,32
1676,2,37.5,82.1,1,1.86,30.6
1677,2,38.5,81.4,2,2.77,31.2
1678,2,37.8,82.8,2.1,2.86,31.4
1679,2,40,83.8,2.9,3.56,32.6
1680,2,39.6,83.3,1.1,1.96,31.5
1681,2,39.2,84.6,2.8,3.47,32.5
1682,1,36.9,83.3,4.6,4.97,32.4
1683,2,38.6,85.5,1.7,2.5,32.1
1684,2,37.4,85.4,1.4,2.23,31.6
1685,12,37.6,85.8,53.3,18.25,48.7
1686,12,39.8,87.1,38.9,16.87,45.7
1687,12,40,88.4,22.6,14.02,41.3
1688,1,36.5,86.6,4.9,5.21,33.3
1689,2,37.6,86.7,1,1.86,31.8
1690,1,39,86.7,3.4,3.98,33.3
1691,2,38.6,87.6,2.3,3.04,32.9
1692,2,37.1,88.2,1.1,1.96,32.1
1693,1,37,89.5,4.2,4.65,33.8
1694,2,37.3,89.7,1.3,2.14,32.6
1695,2,36.8,89.9,1.6,2.41,32.7
1696,12,33.8,89.4,37,16.63,44.2
1697,1,38.6,86.8,6.8,6.66,34.7
1698,2,37,86.7,1.1,1.96,31.7
1699,2,34.4,85.1,1.5,2.32,30.8
1700,1,33.8,85,8.1,7.6,33.6
1701,2,34.9,84,2.4,3.12,31.1
1702,2,30.6,89.9,2,2.77,31.3
1703,2,31.5,87.9,2.4,3.12,31.2
1704,2,31.3,86,2.4,3.12,30.7
1705,2,33,83,3.1,3.73,30.7
1706,2,33.4,80.3,2,2.77,29.6
1707,2,33.7,80.2,2.5,3.21,29.9
1708,2,31.7,81.6,2,2.77,29.5
1709,2,31,82.7,1.1,1.96,29.2
1710,3,27.1,82.9,1.1,1.71,28.2
1711,2,26.9,84,3,3.64,29.4
1712,9,29.3,85.4,6,6.79,31.9
1713,2,26.8,83.5,1.1,1.96,28.3
1714,1,28.3,81.3,19.4,14.21,35.8
1715,1,20,84.1,27.5,17.71,37.3
1716,9,21.7,85.7,19.6,13.62,35.2
1717,2,21.9,84,2.1,2.86,27.7
1718,2,22.9,84.3,2.8,3.47,28.4
1719,9,22.4,86.5,1.3,1.97,28
1720,2,22.3,86.4,3.4,3.98,29
1721,2,26,85.7,1.1,1.96,28.7
1722,9,26.2,85.8,1.4,2.1,28.9
1723,9,26.4,86.6,1.4,2.1,29.1
1724,9,27.3,87.5,1.3,1.97,29.5
1725,3,28,87.6,1.3,1.97,29.7
1726,9,27.8,87.8,1.7,2.48,29.9
1727,9,27.7,87.8,2.2,3.08,30.2
1728,2,29.7,89.9,2.9,3.56,31.5
1729,2,26.3,87.7,3.6,4.15,30.4
1730,9,26.9,90,1.3,1.97,30
1731,9,25.9,89.7,1.4,2.1,29.8
1732,9,25.8,89.7,1.3,1.97,29.7
1733,9,25.7,89.6,1.3,1.97,29.6
1734,2,25.5,89.6,3.1,3.73,30.5
1735,2,21.7,89.8,1.9,2.68,29
1736,9,28,90,11.9,10.56,35.1
1737,2,20.6,88.3,3.3,3.9,29
1738,2,20,86.4,1.8,2.59,27.7
1739,2,20.4,82.2,2,2.77,26.8
1740,2,21.2,81.1,1.6,2.41,26.6
1741,2,19.8,80.5,3,3.64,26.7
1742,9,13.5,81.1,12.7,10.95,29.6
1743,4,13.9,86.3,5.9,7.73,28.4
1744,4,13.9,86.4,43.4,21.51,41.3
1745,4,13.9,86.2,15,14.17,32.3
1746,2,16.8,89.7,2.5,3.21,28.1
1747,4,13,84.9,5.6,7.43,27.7
1748,2,11.5,84,3.4,3.98,25.7
1749,9,14,84.2,1.2,1.84,25.3
1750,9,13.6,84,1.6,2.35,25.4
1751,2,11,81,1.8,2.59,24.1
1752,2,7.8,81.5,1.4,2.23,23.2
1753,2,5.1,80,2.8,3.47,22.8
1754,1,4.8,80.9,6.4,6.37,24.6
1755,9,3,87.6,24.6,14.99,32.5
1756,2,4.7,81.5,2.2,2.95,22.8
1757,2,3.6,80.8,2.2,2.95,22.4
1758,1,1.9,83.7,23.1,15.9,31.2
1759,9,2.2,85.4,7.4,7.85,25.7
1760,2,2.7,85.1,2.4,3.12,23.3
1761,9,0.5,87.2,14.2,11.63,28.4
1762,9,5.3,84.7,12.3,10.76,28.3
1763,1,4.7,87,24.5,16.5,33.2
1764,1,8.6,90,11.1,9.61,29.8
1765,9,4.3,86.7,1.6,2.35,23.7
1766,9,4.9,83.4,1.6,2.35,23.1
1767,1,6.5,91,19.8,14.4,32.9
1768,2,4.7,90,1.4,2.23,24.6
1769,2,3.9,91,2.5,3.21,25.2
1770,2,4.9,91.2,3.1,3.73,25.7
1771,1,5.8,93.8,19.8,14.4,33.5
1772,12,3.7,95.7,42,17.22,39.7
1773,1,5.7,96,8.2,7.67,29.4
1774,9,5.9,97.1,21.3,14.12,34.6
1775,1,7.7,98.7,8,7.53,30.5
1776,2,2.4,93.5,3,3.64,25.6
1777,3,9.6,100,1.6,2.35,28.4
1778,9,11.7,97.4,11,10.09,32.5
1779,9,11.6,97.5,20,13.74,35.7
1780,1,10.9,99.7,8.2,7.67,31.6
1781,2,10.8,99.7,1,1.86,28.3
1782,9,11.6,97.4,11.9,10.56,32.9
1783,9,14.8,98.7,15.8,12.29,35.4
1784,9,11.6,95.5,20.8,13.98,35.5
1785,9,16.7,95.2,15,11.97,34.7
1786,1,17.4,94,21.3,15.1,37
1787,1,19.2,99.8,25.7,17,40.4
1788,3,11.9,93.3,1.3,1.97,27.1
1789,2,15.1,94.9,1.3,2.14,28.4
1790,9,14.4,91.4,1.3,1.97,27.3
1791,3,13.1,91,1.3,1.97,26.8
1792,9,14.6,90.7,1.8,2.6,27.4
1793,2,17.5,97.2,1.3,2.14,29.5
1794,2,20.5,90.8,2.1,2.86,29.1
1795,9,21.3,94.2,13.8,11.46,35.2
1796,6,23,96.1,31.4,19.49,42.5
1797,9,22.4,93.5,1.4,2.1,29.9
1798,2,22.4,95.5,2.8,3.47,31
1799,2,21.8,98.9,1.6,2.41,31.2
1800,12,26.4,91.3,12,10.33,35
1801,12,25.2,92.3,23.7,14.29,38.9
1802,12,26.6,94.5,6.4,6.9,33.6
1803,12,25.1,98.8,5.7,6.34,34
1804,12,25.6,98.8,6.1,6.67,34.3
1805,12,26.9,99.1,9.4,8.93,36.1
1806,2,20.9,99,1.5,2.32,30.9
1807,2,22.5,100,2.5,3.21,32.1
1808,2,23.7,97.4,2.3,3.04,31.6
1809,2,24.1,97.6,2.3,3.04,31.8
1810,2,26.1,93.9,3.2,3.81,31.8
1811,12,28.8,99.7,18.6,12.9,40
1812,2,28.3,98.9,1.7,2.5,32.9
1813,2,27.2,96.8,2.6,3.3,32.5
1814,2,25,94.2,2.9,3.56,31.4
1815,2,25.1,93.7,2.7,3.39,31.2
1816,2,25.1,92.6,1.5,2.32,30.4
1817,2,26.6,91,1.9,2.68,30.5
1818,2,30,90.7,1.7,2.5,31.2
1819,2,30.4,92.1,2.7,3.39,32.1
1820,12,31.6,94.5,22.2,13.92,40.6
1821,12,33.8,95.5,14.7,11.52,38.9
1822,12,33.3,97.6,22.9,14.1,42
1823,12,31.5,97.5,9,8.69,36.7
1824,12,30.5,98.1,23.8,14.31,41.7
1825,12,31.4,99.4,14.4,11.4,39.2
1826,2,32.3,98.3,1.4,2.23,33.6
1827,2,31.3,99.2,1,1.86,33.3
1828,2,31.8,99.9,1.9,2.68,34.1
1829,2,33.5,99.8,3.6,4.15,35.3
1830,2,33.6,98.2,1,1.86,33.7
1831,2,34.7,99.6,2.3,3.04,34.9
1832,2,33.8,96.8,1.8,2.59,33.7
1833,2,35.4,97.7,2.3,3.04,34.6
1834,12,39,96.1,18.8,12.97,41.7
1835,2,36,99.6,1.1,1.96,34.7
1836,2,36.9,96.9,3.7,4.23,35.4
1837,2,35.9,94,3.5,4.07,34.4
1838,2,34.5,95.4,1.4,2.23,33.4
1839,2,34.2,93.8,2.1,2.86,33.2
1840,2,35.3,92.6,2.6,3.3,33.5
1841,2,35.1,95.3,3.4,3.98,34.4
1842,2,36.7,95.6,2.3,3.04,34.4
1843,2,38.9,96.1,1.4,2.23,34.7
1844,2,37,93.1,1.2,2.05,33.3
1845,2,39.1,94.7,2.7,3.39,35
1846,2,36.8,92.4,4,4.48,34.4
1847,9,39.8,90.4,8.2,8.41,36.7
1848,4,43.2,90.9,10.9,11.81,39.2
1849,4,44.5,93.7,26.7,18.38,45.8
1850,4,44.4,93.7,18.6,15.77,43.1
1851,9,47.4,94.6,17.8,13.03,43.2
1852,12,40.6,94.1,29.4,15.46,44.9
1853,12,48.3,98.3,19.6,13.21,44.9
1854,2,44.4,91.4,1.9,2.68,35.1
1855,2,42.8,92.3,3,3.64,35.4
1856,2,40.9,94.6,4.3,4.73,36.1
1857,2,42.2,95.1,1.1,1.96,35.1
1858,12,48.3,99.3,23.5,14.24,46.3
1859,2,40.6,96.3,1.8,2.59,35.3
1860,2,42.8,96.1,3.7,4.23,36.7
1861,2,43.2,97.6,2.8,3.47,36.8
1862,2,42,98.5,1.1,1.96,35.9
1863,2,41.4,99.6,3,3.64,36.9
1864,2,43.4,98.1,2.1,2.86,36.6
1865,2,43.5,99.9,2.5,3.21,37.3
1866,2,44.3,99.8,4.2,4.65,38.2
1867,2,44.4,97.8,1.5,2.32,36.5
1868,2,45.7,98.5,2.7,3.39,37.6
1869,2,44.5,96.4,2,2.77,36.4
1870,2,46,98.3,1.7,2.5,37.1
1871,9,44.3,96.2,1.4,2.1,36
1872,2,44.3,95.9,4,4.48,37.2
1873,2,48,97.8,2.1,2.86,37.7
1874,2,45.7,92.6,1.6,2.41,35.6
1875,1,44.7,92.2,2.3,3.04,35.6
1876,2,46.6,91.6,1.3,2.14,35.4
1877,1,47.7,90,5.3,5.52,37.1
1878,9,50.5,90,15.7,12.25,42.1
1879,9,59.5,91.7,5.7,6.54,40.9
1880,3,53.2,93.3,7.7,8.06,40.6
1881,3,53.2,94,15.9,12.33,43.9
1882,9,50.7,94.2,12.8,11,42.2
1883,1,53.8,96.6,6.6,6.52,40.9
1884,2,51.2,92.4,2.7,3.39,37.4
1885,2,52.5,91.8,1.7,2.5,37.1
1886,2,56.3,91,1.4,2.23,37.7
1887,2,56.9,94.5,3.3,3.9,39.7
1888,2,53.5,93.6,2,2.77,38
1889,1,54,93.2,3.4,3.98,38.6
1890,1,53,99.1,16.1,12.52,45.2
1891,2,58.2,97,3.7,4.23,40.8
1892,2,53.5,93.2,1.2,2.05,37.5
1893,2,50.6,96.1,2.5,3.21,38.1
1894,2,51.2,97.5,2.8,3.47,38.7
1895,2,53.1,97.2,1.4,2.23,38.5
1896,2,52.7,98.9,2.1,2.86,39.1
1897,2,54.5,99,3,3.64,40
1898,2,53.4,100,3.2,3.81,40.1
1899,2,54.2,98.2,1.3,2.14,39
1900,2,58.8,100,1.8,2.59,40.8
1901,2,59,100,2.7,3.39,41.3
1902,2,58.4,97.5,2,2.77,40.2
1903,11,65.2,100,21,16.67,50.7
1904,1,66,98.7,4.5,4.89,43.5
1905,11,67.8,99.5,11.4,12.14,47.7
1906,12,69,98.4,35,16.36,54.7
1907,9,66.3,97.4,9.3,9.11,45.5
1908,9,66.1,97.4,6.7,7.34,44.4
1909,2,61.2,96.5,5.6,5.76,42.3
1910,2,63.7,99.2,2.6,3.3,42.2
1911,2,68.9,98,4.5,4.89,44.1
1912,2,64.1,97.3,3.5,4.07,42.2
1913,2,65.3,98.4,2.2,2.95,42.2
1914,2,64.1,94.2,4.1,4.56,41.7
1915,2,68.3,96.2,6.9,6.74,44.5
1916,2,60.9,95.1,2.2,2.95,40.3
1917,2,62.7,93.9,2.4,3.12,40.5
1918,9,61.6,91.4,7.6,7.99,42.1
1919,12,62.8,91.1,27.3,15.07,49.1
1920,12,68.4,90.9,27.5,15.11,50.5
1921,9,68.4,100,8.9,8.86,46.5
1922,2,63.9,91.9,3,3.64,40.6
1923,2,62.5,90.4,3.1,3.73,39.9
1924,2,63.6,90.2,2.3,3.04,39.8
1925,2,65.6,95.5,3.8,4.32,42.3
1926,2,66.9,90.3,2.8,3.47,40.9
1927,2,67.9,90.3,2.2,2.95,40.8
1928,1,68.1,90,4.4,4.81,41.8
1929,1,71.4,90.9,4.1,4.56,42.7
1930,2,71,91.3,1.6,2.41,41.6
1931,2,73.3,91.5,1.6,2.41,42.2
1932,12,72.7,92,6.8,7.21,44.7
1933,1,74,92.2,4.4,4.81,43.9
1934,12,76.9,91.6,18.6,12.9,50
1935,9,77.8,94.9,9.4,9.17,47.8
1936,1,75.6,98.6,7.9,7.46,47.4
1937,4,78.8,98.9,9.1,10.53,49.4
1938,1,74.8,90.3,2.5,3.21,42.7
1939,2,74.7,91,2.7,3.39,42.9
1940,2,74.6,92.2,1.5,2.32,42.7
1941,2,75.2,92.3,2.2,2.95,43.2
1942,12,71.7,96.5,13.4,10.98,48.1
1943,2,76.7,93.2,1.5,2.32,43.4
1944,2,74.8,93.5,1.6,2.41,43.1
1945,2,73.9,93.5,2.9,3.56,43.5
1946,2,77.7,94.8,1.6,2.41,44.1
1947,2,71.7,94.3,1.2,2.05,42.3
1948,2,72.1,93.6,1.4,2.23,42.3
1949,2,71.1,92.3,2.7,3.39,42.4
1950,2,73.4,97.6,1.4,2.23,43.7
1951,2,78.9,98.9,2.1,2.86,45.7
1952,2,78.6,100,1.3,2.14,45.5
1953,2,77.3,97.9,1.8,2.59,44.9
1954,2,77.8,98.1,2.5,3.21,45.4
1955,2,78.1,96.6,3.3,3.9,45.5
1956,2,79.5,94.4,1.6,2.41,44.5
1957,2,80.7,98.8,1.5,2.32,45.8
1958,2,81.7,98.3,1.5,2.32,46
1959,2,88,98,1.5,2.32,47.5
1960,2,82.1,96.7,2,2.77,45.9
1961,2,83.8,96.9,3.7,4.23,47.2
1962,12,80.4,92.2,49.9,17.98,60.1
1963,9,83.2,97.7,15.5,12.17,52.1
1964,12,86.3,95.1,25.7,14.74,55.5
1965,12,85.1,94.9,21.5,13.74,53.8
1966,12,87.5,92.8,20.2,13.38,53.5
1967,7,86.5,91.8,14.4,13.86,51.6
1968,2,86.1,98.2,2,2.77,47.3
1969,2,86.3,100,4.1,4.56,48.7
1970,2,87.3,98.4,1.2,2.05,47.2
1971,2,86.2,96.4,1.6,2.41,46.7
1972,2,86.5,93,1.1,1.96,45.6
1973,12,81.2,91.3,1.8,2.38,44.2
1974,2,82.1,91.6,1.8,2.59,44.5
1975,2,85.9,90,3.8,4.32,46
1976,2,86,91.5,2.8,3.47,45.9
1977,7,86.3,91.5,1.4,2.02,45.3
1978,2,86.9,91.4,3.3,3.9,46.4
1979,2,80.8,90.4,3.7,4.23,44.8
1980,2,90,92.9,2.1,2.86,47
1981,2,90,95,3.2,3.81,48
1982,2,89.5,96,2,2.77,47.6
1983,2,88.5,96.5,2.1,2.86,47.5
1984,2,90.4,98.7,2.7,3.39,48.8
1985,2,90.4,96.4,2.1,2.86,47.9
1986,2,92.1,97.4,3.1,3.73,49.1
1987,12,93.6,97.6,28.6,15.32,58.8
1988,12,93.5,97.6,31.9,15.89,59.7
1989,7,95.6,95.3,14.1,13.71,54.7
1990,9,97.1,92.8,9,8.92,52
1991,2,92.4,94.7,1.8,2.59,47.9
1992,2,90.5,95.1,2.1,2.86,47.6
1993,2,91.4,93.8,3.3,3.9,48.1
1994,2,93.4,94.8,3.2,3.81,48.8
1995,2,94,94.3,4.1,4.56,49.2
1996,2,94.1,90.4,3.5,4.07,48
1997,2,93,91.8,1.3,2.14,47.1
1998,2,96.5,91.7,1.8,2.59,48.1
1999,2,97.8,93.3,2.7,3.39,49.3
2022,2,93.7,95.8,1.1,1.96,48.1
2040,9,50.9,79.1,13.4,11.28,38.7
2041,12,91.1,80,12.4,10.52,48.5
2042,12,97.335,80.452,34.6,16.3,57.2
